<?xml version='1.0' encoding='utf-8' ?>
<!DOCTYPE document SYSTEM "file:///C:/Xilinx/10.1/ISE/xc9500/data/xmlReport9k.dtd">
<document><ascFile>DataCentre_Iss2_FINAL.rpt</ascFile><devFile>C:/Xilinx/10.1/ISE/xc9500/data/xc9572.chp</devFile><mfdFile>DataCentre_Iss2_FINAL.mfd</mfdFile><htmlFile logic_legend="logiclegend.htm" logo="xc9500_logo.jpg" pin_legend="pinlegend.htm"/><header date=" 6-18-2009" design="DataCentre_Iss2_FINAL" device="XC9572" eqnType="1" pkg="TQ100" speed="-7" status="1" statusStr="Successful" swVersion="K.34" time="  1:54PM" version="1.0"/><inputs id="D0PIN_SPECSIG" userloc="P78"/><inputs id="A2_SPECSIG" userloc="P92"/><inputs id="A0_SPECSIG" userloc="P90"/><inputs id="A1_SPECSIG" userloc="P91"/><inputs id="RnW" userloc="P71"/><inputs id="A3_SPECSIG" userloc="P93"/><inputs id="A4_SPECSIG" userloc="P94"/><inputs id="A5_SPECSIG" userloc="P95"/><inputs id="A6_SPECSIG" userloc="P96"/><inputs id="A7_SPECSIG" userloc="P97"/><inputs id="D1PIN_SPECSIG" userloc="P79"/><inputs id="D2PIN_SPECSIG" userloc="P81"/><inputs id="D3PIN_SPECSIG" userloc="P82"/><inputs id="D4PIN_SPECSIG" userloc="P85"/><inputs id="D5PIN_SPECSIG" userloc="P86"/><inputs id="D6PIN_SPECSIG" userloc="P87"/><inputs id="D7PIN_SPECSIG" userloc="P89"/><inputs id="nPGFD" userloc="P77"/><inputs id="nPGFC" userloc="P76"/><inputs id="IDEH0PIN_SPECSIG" userloc="P1"/><inputs id="IDEH6PIN_SPECSIG" userloc="P12"/><inputs id="IDEH7PIN_SPECSIG" userloc="P13"/><inputs id="IDEH1PIN_SPECSIG" userloc="P6"/><inputs id="IDEH2PIN_SPECSIG" userloc="P8"/><inputs id="IDEH3PIN_SPECSIG" userloc="P9"/><inputs id="IDEH4PIN_SPECSIG" userloc="P10"/><inputs id="IDEH5PIN_SPECSIG" userloc="P11"/><inputs id="SDAPIN_SPECSIG" userloc="P20"/><inputs id="nDACK" userloc="P63"/><inputs id="nTXE" userloc="P64"/><inputs id="nRXF" userloc="P66"/><inputs id="ADR11PIN_SPECSIG" userloc="33"/><inputs id="ADR13PIN_SPECSIG" userloc="36"/><inputs id="ADR15PIN_SPECSIG" userloc="39"/><inputs id="ADR9PIN_SPECSIG" userloc="30"/><global_inputs id="MHz1" pinnum="GCK1" use="GCK1" userloc="P22"/><global_inputs id="nRST" negated="ON" pinnum="GSR" use="GSR" userloc="P99"/><pin id="FB1_MC1_PIN16" pinnum="16" signal="nIDECS0" use="O"/><pin id="FB1_MC2_PIN13" pinnum="13" signal="IDEH7_SPECSIG" use="IO_SPECSIG"/><pin id="FB1_MC3_PIN18" pinnum="18" signal="nIDECS1" use="O"/><pin id="FB1_MC4_PIN20" pinnum="20" signal="SDA" use="IO_SPECSIG"/><pin id="FB1_MC5_PIN14" pinnum="14" signal="nIDEWR" use="O"/><pin id="FB1_MC6_PIN15" pinnum="15" signal="nIDERD" use="O"/><pin id="FB1_MC7_PIN25" pinnum="25" signal="SCL" use="O"/><pin id="FB1_MC8_PIN17" pinnum="17" signal="DRQa" use="O"/><pin id="FB1_MC9_PIN22" pinnum="22" signal="MHz1" use="GCKI_SPECSIG"/><pin id="FB1_MC10_PIN28" pinnum="28" signal="nROE" use="O"/><pin id="FB1_MC11_PIN23" pinnum="23" signal="D4_MLTSRCEDGEWA0_SPECSIG" use="b_SPECSIG"/><pin id="FB1_MC12_PIN33" pinnum="33" signal="ADR11_SPECSIG" use="IO_SPECSIG"/><pin id="FB1_MC13_PIN36" pinnum="36" signal="ADR13_SPECSIG" use="IO_SPECSIG"/><pin id="FB1_MC14_PIN27" pinnum="27" signal="D0_MLTSRCEDGEWA3_SPECSIG" use="b_SPECSIG"/><pin id="FB1_MC15_PIN29" pinnum="29" signal="ADR8_SPECSIG" use="O"/><pin id="FB1_MC16_PIN39" pinnum="39" signal="ADR15_SPECSIG" use="IO_SPECSIG"/><pin id="FB1_MC17_PIN30" pinnum="30" signal="ADR9_SPECSIG" use="IO_SPECSIG"/><pin id="FB1_MC18_PIN40" pinnum="40" signal="ADR16" use="O"/><pin id="FB2_MC1_PIN87" pinnum="87" signal="D6_SPECSIG" use="IO_SPECSIG"/><pin id="FB2_MC2_PIN94" pinnum="94" signal="A4_SPECSIG" use="I"/><pin id="FB2_MC3_PIN91" pinnum="91" signal="A1_SPECSIG" use="I"/><pin id="FB2_MC4_PIN93" pinnum="93" signal="A3_SPECSIG" use="I"/><pin id="FB2_MC5_PIN95" pinnum="95" signal="A5_SPECSIG" use="I"/><pin id="FB2_MC6_PIN96" pinnum="96" signal="A6_SPECSIG" use="I"/><pin id="FB2_MC7_PIN3" pinnum="3" signal="D3_MLTSRCEDGEWA0_SPECSIG" use="b_SPECSIG"/><pin id="FB2_MC8_PIN97" pinnum="97" signal="A7_SPECSIG" use="I"/><pin id="FB2_MC9_PIN99" pinnum="99" signal="nRST" use="GSRI_SPECSIG"/><pin id="FB2_MC10_PIN1" pinnum="1" signal="IDEH0_SPECSIG" use="IO_SPECSIG"/><pin id="FB2_MC11_PIN4" pinnum="4" signal="D1_MLTSRCEDGEWA0_SPECSIG" use="b_SPECSIG"/><pin id="FB2_MC12_PIN6" pinnum="6" signal="IDEH1_SPECSIG" use="IO_SPECSIG"/><pin id="FB2_MC13_PIN8" pinnum="8" signal="IDEH2_SPECSIG" use="IO_SPECSIG"/><pin id="FB2_MC14_PIN9" pinnum="9" signal="IDEH3_SPECSIG" use="IO_SPECSIG"/><pin id="FB2_MC15_PIN11" pinnum="11" signal="IDEH5_SPECSIG" use="IO_SPECSIG"/><pin id="FB2_MC16_PIN10" pinnum="10" signal="IDEH4_SPECSIG" use="IO_SPECSIG"/><pin id="FB2_MC17_PIN12" pinnum="12" signal="IDEH6_SPECSIG" use="IO_SPECSIG"/><pin id="FB2_MC18_PIN92" pinnum="92" signal="A2_SPECSIG" use="I"/><pin id="FB3_MC1_PIN41" pinnum="41" signal="ADR17" use="O"/><pin id="FB3_MC2_PIN32" pinnum="32" signal="ADR10_SPECSIG" use="O"/><pin id="FB3_MC3_PIN49" pinnum="49" signal="ADR19" use="O"/><pin id="FB3_MC4_PIN50" pinnum="50" signal="nRWE" use="O"/><pin id="FB3_MC5_PIN35" pinnum="35" signal="ADR12_SPECSIG" use="O"/><pin id="FB3_MC6_PIN53" pinnum="53"/><pin id="FB3_MC7_PIN54" pinnum="54" signal="XLXN_61" use="b_SPECSIG"/><pin id="FB3_MC8_PIN37" pinnum="37" signal="ADR14_SPECSIG" use="O"/><pin id="FB3_MC9_PIN42" pinnum="42" signal="ADR18" use="O"/><pin id="FB3_MC10_PIN60" pinnum="60" signal="XLXN_116" use="b_SPECSIG"/><pin id="FB3_MC11_PIN52" pinnum="52" signal="nRCE" use="O"/><pin id="FB3_MC12_PIN61" pinnum="61" signal="nDREQ" use="O"/><pin id="FB3_MC13_PIN63" pinnum="63" signal="nDACK" use="I"/><pin id="FB3_MC14_PIN55" pinnum="55" signal="D6_MLTSRCEDGEWA2_SPECSIG" use="b_SPECSIG"/><pin id="FB3_MC15_PIN56" pinnum="56" signal="D5_MLTSRCEDGEWA1_SPECSIG" use="b_SPECSIG"/><pin id="FB3_MC16_PIN65" pinnum="65" signal="D4_MLTSRCEDGEWA1_SPECSIG" use="b_SPECSIG"/><pin id="FB3_MC17_PIN58" pinnum="58" signal="D3_MLTSRCEDGEWA1_SPECSIG" use="b_SPECSIG"/><pin id="FB3_MC18_PIN59" pinnum="59" signal="D2_MLTSRCEDGEWA1_SPECSIG" use="b_SPECSIG"/><pin id="FB4_MC1_PIN66" pinnum="66" signal="nRXF" use="I"/><pin id="FB4_MC2_PIN64" pinnum="64" signal="nTXE" use="I"/><pin id="FB4_MC3_PIN71" pinnum="71" signal="RnW" use="I"/><pin id="FB4_MC4_PIN72" pinnum="72" signal="D0_MLTSRCEDGEWA2_SPECSIG" use="b_SPECSIG"/><pin id="FB4_MC5_PIN67" pinnum="67" signal="nRD" use="O"/><pin id="FB4_MC6_PIN76" pinnum="76" signal="nPGFC" use="I"/><pin id="FB4_MC7_PIN77" pinnum="77" signal="nPGFD" use="I"/><pin id="FB4_MC8_PIN68" pinnum="68" signal="WR" use="O"/><pin id="FB4_MC9_PIN70" pinnum="70" signal="D7_MLTSRCEDGEWA2_SPECSIG" use="b_SPECSIG"/><pin id="FB4_MC10_PIN81" pinnum="81" signal="D2_SPECSIG" use="IO_SPECSIG"/><pin id="FB4_MC11_PIN74" pinnum="74" signal="nIRQ" use="O"/><pin id="FB4_MC12_PIN82" pinnum="82" signal="D3_SPECSIG" use="IO_SPECSIG"/><pin id="FB4_MC13_PIN85" pinnum="85" signal="D4_SPECSIG" use="IO_SPECSIG"/><pin id="FB4_MC14_PIN78" pinnum="78" signal="D0_SPECSIG" use="IO_SPECSIG"/><pin id="FB4_MC15_PIN89" pinnum="89" signal="D7_SPECSIG" use="IO_SPECSIG"/><pin id="FB4_MC16_PIN86" pinnum="86" signal="D5_SPECSIG" use="IO_SPECSIG"/><pin id="FB4_MC17_PIN90" pinnum="90" signal="A0_SPECSIG" use="I"/><pin id="FB4_MC18_PIN79" pinnum="79" signal="D1_SPECSIG" use="IO_SPECSIG"/><fblock id="FB1" inputUse="30" pinUse="16"><macrocell id="FB1_MC1" pin="FB1_MC1_PIN16" pwr="LOW" sigUse="6" signal="nIDECS0"><pterms pt1="FB1_1_1"/></macrocell><macrocell id="FB1_MC2" pin="FB1_MC2_PIN13" pwr="LOW" sigUse="11" signal="IDEH7_SPECSIG"><pterms pt1="FB1_2_1" pt2="FB1_2_2" pt3="FB1_2_3" pt4="FB1_2_4"/></macrocell><macrocell id="FB1_MC3" pin="FB1_MC3_PIN18" pwr="LOW" sigUse="7" signal="nIDECS1"><pterms pt1="FB1_3_1"/></macrocell><macrocell id="FB1_MC4" pin="FB1_MC4_PIN20" pwr="LOW" sigUse="13" signal="SDA"><pterms pt1="FB1_4_1" pt2="FB1_4_2" pt3="FB1_4_3" pt4="FB1_4_4"/></macrocell><macrocell id="FB1_MC5" pin="FB1_MC5_PIN14" pwr="LOW" sigUse="8" signal="nIDEWR"><pterms pt1="FB1_5_1" pt2="FB1_5_2"/></macrocell><macrocell id="FB1_MC6" pin="FB1_MC6_PIN15" pwr="LOW" sigUse="8" signal="nIDERD"><pterms pt1="FB1_6_1" pt2="FB1_6_2"/></macrocell><macrocell id="FB1_MC7" pin="FB1_MC7_PIN25" pwr="LOW" sigUse="12" signal="SCL"><pterms pt1="FB1_7_1" pt2="FB1_7_2" pt3="FB1_7_3"/></macrocell><macrocell id="FB1_MC8" pin="FB1_MC8_PIN17" pwr="LOW" sigUse="0" signal="DRQa"/><macrocell id="FB1_MC9" pin="FB1_MC9_PIN22" pwr="LOW" sigUse="10" signal="D5_MLTSRCEDGEWA0_SPECSIG"><pterms pt1="FB1_9_1" pt2="FB1_9_2" pt3="FB1_9_3"/></macrocell><macrocell id="FB1_MC10" pin="FB1_MC10_PIN28" pwr="LOW" sigUse="1" signal="nROE"><pterms pt1="FB1_10_1"/></macrocell><macrocell id="FB1_MC11" pin="FB1_MC11_PIN23" pwr="LOW" sigUse="10" signal="D4_MLTSRCEDGEWA0_SPECSIG"><pterms pt1="FB1_11_1" pt2="FB1_11_2" pt3="FB1_11_3"/></macrocell><macrocell id="FB1_MC12" pin="FB1_MC12_PIN33" pwr="LOW" sigUse="4" signal="ADR11_SPECSIG"><pterms pt1="FB1_12_1" pt2="FB1_12_2" pt3="FB1_12_3"/></macrocell><macrocell id="FB1_MC13" pin="FB1_MC13_PIN36" pwr="LOW" sigUse="4" signal="ADR13_SPECSIG"><pterms pt1="FB1_13_1" pt2="FB1_13_2" pt3="FB1_13_3"/></macrocell><macrocell id="FB1_MC14" pin="FB1_MC14_PIN27" pwr="LOW" sigUse="13" signal="D0_MLTSRCEDGEWA3_SPECSIG"><pterms pt1="FB1_14_1" pt2="FB1_14_2" pt3="FB1_14_3" pt4="FB1_14_4"/></macrocell><macrocell id="FB1_MC15" pin="FB1_MC15_PIN29" pwr="LOW" sigUse="4" signal="ADR8_SPECSIG"><pterms pt1="FB1_15_1" pt2="FB1_15_2" pt3="FB1_15_3"/></macrocell><macrocell id="FB1_MC16" pin="FB1_MC16_PIN39" pwr="LOW" sigUse="4" signal="ADR15_SPECSIG"><pterms pt1="FB1_16_1" pt2="FB1_16_2" pt3="FB1_16_3"/></macrocell><macrocell id="FB1_MC17" pin="FB1_MC17_PIN30" pwr="LOW" sigUse="4" signal="ADR9_SPECSIG"><pterms pt1="FB1_17_1" pt2="FB1_17_2" pt3="FB1_17_3"/></macrocell><macrocell id="FB1_MC18" pin="FB1_MC18_PIN40" pwr="LOW" sigUse="12" signal="ADR16"><pterms pt1="FB1_18_1" pt2="FB1_18_2" pt3="FB1_18_3"/></macrocell><fbinput id="FB1_I1" signal="OpTxFX_DC37_SPECSIG"/><fbinput id="FB1_I2" signal="OpTxFX_DC48_SPECSIG"/><fbinput fbk="LFBK" id="FB1_I3" signal="ADR16_OBUFLFBK_SPECSIG"/><fbinput fbk="LFBK" id="FB1_I4" signal="ADR_11_OBUFLFBK_SPECSIG"/><fbinput fbk="LFBK" id="FB1_I5" signal="ADR_13_OBUFLFBK_SPECSIG"/><fbinput fbk="LFBK" id="FB1_I6" signal="ADR_15_OBUFLFBK_SPECSIG"/><fbinput fbk="LFBK" id="FB1_I7" signal="ADR_8_OBUFLFBK_SPECSIG"/><fbinput fbk="LFBK" id="FB1_I8" signal="ADR_9_OBUFLFBK_SPECSIG"/><fbinput id="FB1_I9" signal="A0_SPECSIG"/><fbinput id="FB1_I10" signal="A1_SPECSIG"/><fbinput id="FB1_I11" signal="A2_SPECSIG"/><fbinput id="FB1_I12" signal="A3_SPECSIG"/><fbinput id="FB1_I13" signal="A4_SPECSIG"/><fbinput id="FB1_I14" signal="A5_SPECSIG"/><fbinput id="FB1_I15" signal="A6_SPECSIG"/><fbinput id="FB1_I16" signal="A7_SPECSIG"/><fbinput fbk="PIN" id="FB1_I17" signal="D7PIN_SPECSIG"/><fbinput fbk="PIN" id="FB1_I18" signal="D5PIN_SPECSIG"/><fbinput fbk="PIN" id="FB1_I19" signal="D3PIN_SPECSIG"/><fbinput fbk="PIN" id="FB1_I20" signal="D1PIN_SPECSIG"/><fbinput fbk="PIN" id="FB1_I21" signal="D0PIN_SPECSIG"/><fbinput fbk="PIN" id="FB1_I22" signal="IDEH5PIN_SPECSIG"/><fbinput fbk="PIN" id="FB1_I23" signal="IDEH4PIN_SPECSIG"/><fbinput id="FB1_I24" signal="RnW"/><fbinput fbk="LFBK" id="FB1_I25" signal="SCL_OBUFLFBK_SPECSIG"/><fbinput fbk="LFBK" id="FB1_I26" signal="XLXN_112LFBK_SPECSIG"/><fbinput id="FB1_I27" signal="XLXN_116"/><fbinput id="FB1_I28" signal="XLXN_61"/><fbinput fbk="LFBK" id="FB1_I29" signal="XLXN_647LFBK_SPECSIG"/><fbinput id="FB1_I30" signal="nPGFC"/><pterm id="FB1_1_1"><signal id="A7_SPECSIG" negated="ON"/><signal id="A6_SPECSIG"/><signal id="A5_SPECSIG" negated="ON"/><signal id="A4_SPECSIG" negated="ON"/><signal id="A3_SPECSIG" negated="ON"/><signal id="nPGFC" negated="ON"/></pterm><pterm id="FB1_2_1"><signal id="A7_SPECSIG" negated="ON"/><signal id="A6_SPECSIG"/><signal id="A5_SPECSIG" negated="ON"/><signal id="A4_SPECSIG" negated="ON"/><signal id="A3_SPECSIG"/><signal id="A2_SPECSIG" negated="ON"/><signal id="RnW" negated="ON"/><signal id="D7PIN_SPECSIG"/><signal id="XLXN_647LFBK_SPECSIG" negated="ON"/></pterm><pterm id="FB1_2_2"><signal id="A7_SPECSIG" negated="ON"/><signal id="A6_SPECSIG"/><signal id="A5_SPECSIG" negated="ON"/><signal id="A4_SPECSIG" negated="ON"/><signal id="A3_SPECSIG"/><signal id="A2_SPECSIG" negated="ON"/><signal id="RnW" negated="ON"/><signal id="D7PIN_SPECSIG" negated="ON"/><signal id="XLXN_647LFBK_SPECSIG"/></pterm><pterm id="FB1_2_3"><signal id="XLXN_61" negated="ON"/></pterm><pterm id="FB1_2_4"><signal id="A7_SPECSIG" negated="ON"/><signal id="A6_SPECSIG"/><signal id="A5_SPECSIG" negated="ON"/><signal id="A4_SPECSIG" negated="ON"/><signal id="XLXN_61" negated="ON"/><signal id="RnW" negated="ON"/><signal id="OpTxFX_DC37_SPECSIG" negated="ON"/></pterm><pterm id="FB1_3_1"><signal id="A7_SPECSIG" negated="ON"/><signal id="A6_SPECSIG"/><signal id="A5_SPECSIG" negated="ON"/><signal id="A4_SPECSIG" negated="ON"/><signal id="A3_SPECSIG"/><signal id="A2_SPECSIG"/><signal id="nPGFC" negated="ON"/></pterm><pterm id="FB1_4_1"><signal id="A7_SPECSIG"/><signal id="A6_SPECSIG"/><signal id="A5_SPECSIG"/><signal id="A4_SPECSIG"/><signal id="A3_SPECSIG"/><signal id="A2_SPECSIG" negated="ON"/><signal id="A1_SPECSIG"/><signal id="A0_SPECSIG" negated="ON"/><signal id="RnW" negated="ON"/><signal id="D0PIN_SPECSIG"/><signal id="XLXN_112LFBK_SPECSIG" negated="ON"/></pterm><pterm id="FB1_4_2"><signal id="A7_SPECSIG"/><signal id="A6_SPECSIG"/><signal id="A5_SPECSIG"/><signal id="A4_SPECSIG"/><signal id="A3_SPECSIG"/><signal id="A2_SPECSIG" negated="ON"/><signal id="A1_SPECSIG"/><signal id="A0_SPECSIG" negated="ON"/><signal id="RnW" negated="ON"/><signal id="D0PIN_SPECSIG" negated="ON"/><signal id="XLXN_112LFBK_SPECSIG"/></pterm><pterm id="FB1_4_3"><signal id="XLXN_61" negated="ON"/></pterm><pterm id="FB1_4_4"><signal id="XLXN_116"/></pterm><pterm id="FB1_5_1"><signal id="A7_SPECSIG" negated="ON"/><signal id="A6_SPECSIG"/><signal id="A5_SPECSIG" negated="ON"/><signal id="A4_SPECSIG" negated="ON"/><signal id="A3_SPECSIG" negated="ON"/><signal id="XLXN_61" negated="ON"/><signal id="RnW" negated="ON"/></pterm><pterm id="FB1_5_2"><signal id="A7_SPECSIG" negated="ON"/><signal id="A6_SPECSIG"/><signal id="A5_SPECSIG" negated="ON"/><signal id="A4_SPECSIG" negated="ON"/><signal id="A2_SPECSIG"/><signal id="XLXN_61" negated="ON"/><signal id="RnW" negated="ON"/></pterm><pterm id="FB1_6_1"><signal id="A7_SPECSIG" negated="ON"/><signal id="A6_SPECSIG"/><signal id="A5_SPECSIG" negated="ON"/><signal id="A4_SPECSIG" negated="ON"/><signal id="A3_SPECSIG" negated="ON"/><signal id="XLXN_61" negated="ON"/><signal id="RnW"/></pterm><pterm id="FB1_6_2"><signal id="A7_SPECSIG" negated="ON"/><signal id="A6_SPECSIG"/><signal id="A5_SPECSIG" negated="ON"/><signal id="A4_SPECSIG" negated="ON"/><signal id="A2_SPECSIG"/><signal id="XLXN_61" negated="ON"/><signal id="RnW"/></pterm><pterm id="FB1_7_1"><signal id="A7_SPECSIG"/><signal id="A6_SPECSIG"/><signal id="A5_SPECSIG"/><signal id="A4_SPECSIG"/><signal id="A3_SPECSIG"/><signal id="A2_SPECSIG"/><signal id="A1_SPECSIG" negated="ON"/><signal id="A0_SPECSIG" negated="ON"/><signal id="RnW" negated="ON"/><signal id="D0PIN_SPECSIG"/><signal id="SCL_OBUFLFBK_SPECSIG" negated="ON"/></pterm><pterm id="FB1_7_2"><signal id="A7_SPECSIG"/><signal id="A6_SPECSIG"/><signal id="A5_SPECSIG"/><signal id="A4_SPECSIG"/><signal id="A3_SPECSIG"/><signal id="A2_SPECSIG"/><signal id="A1_SPECSIG" negated="ON"/><signal id="A0_SPECSIG" negated="ON"/><signal id="RnW" negated="ON"/><signal id="D0PIN_SPECSIG" negated="ON"/><signal id="SCL_OBUFLFBK_SPECSIG"/></pterm><pterm id="FB1_7_3"><signal id="XLXN_61" negated="ON"/></pterm><pterm id="FB1_9_1"><signal id="A7_SPECSIG" negated="ON"/><signal id="A6_SPECSIG"/><signal id="A5_SPECSIG" negated="ON"/><signal id="A4_SPECSIG" negated="ON"/><signal id="XLXN_61" negated="ON"/><signal id="RnW"/><signal id="IDEH5PIN_SPECSIG" negated="ON"/><signal id="OpTxFX_DC37_SPECSIG" negated="ON"/></pterm><pterm id="FB1_9_2"><signal id="A7_SPECSIG" negated="ON"/><signal id="A6_SPECSIG"/><signal id="A5_SPECSIG" negated="ON"/><signal id="A4_SPECSIG" negated="ON"/><signal id="XLXN_61" negated="ON"/><signal id="RnW"/><signal id="IDEH5PIN_SPECSIG"/><signal id="OpTxFX_DC37_SPECSIG" negated="ON"/></pterm><pterm id="FB1_9_3"><signal id="A7_SPECSIG" negated="ON"/><signal id="A6_SPECSIG"/><signal id="A5_SPECSIG" negated="ON"/><signal id="A4_SPECSIG" negated="ON"/><signal id="A3_SPECSIG"/><signal id="A2_SPECSIG" negated="ON"/><signal id="XLXN_61" negated="ON"/><signal id="RnW"/></pterm><pterm id="FB1_10_1"><signal id="RnW" negated="ON"/></pterm><pterm id="FB1_11_1"><signal id="A7_SPECSIG" negated="ON"/><signal id="A6_SPECSIG"/><signal id="A5_SPECSIG" negated="ON"/><signal id="A4_SPECSIG" negated="ON"/><signal id="XLXN_61" negated="ON"/><signal id="RnW"/><signal id="IDEH4PIN_SPECSIG" negated="ON"/><signal id="OpTxFX_DC37_SPECSIG" negated="ON"/></pterm><pterm id="FB1_11_2"><signal id="A7_SPECSIG" negated="ON"/><signal id="A6_SPECSIG"/><signal id="A5_SPECSIG" negated="ON"/><signal id="A4_SPECSIG" negated="ON"/><signal id="XLXN_61" negated="ON"/><signal id="RnW"/><signal id="IDEH4PIN_SPECSIG"/><signal id="OpTxFX_DC37_SPECSIG" negated="ON"/></pterm><pterm id="FB1_11_3"><signal id="A7_SPECSIG" negated="ON"/><signal id="A6_SPECSIG"/><signal id="A5_SPECSIG" negated="ON"/><signal id="A4_SPECSIG" negated="ON"/><signal id="A3_SPECSIG"/><signal id="A2_SPECSIG" negated="ON"/><signal id="XLXN_61" negated="ON"/><signal id="RnW"/></pterm><pterm id="FB1_12_1"><signal id="D3PIN_SPECSIG"/><signal id="OpTxFX_DC48_SPECSIG"/></pterm><pterm id="FB1_12_2"><signal id="OpTxFX_DC48_SPECSIG" negated="ON"/><signal id="ADR_11_OBUFLFBK_SPECSIG"/></pterm><pterm id="FB1_12_3"><signal id="XLXN_61" negated="ON"/></pterm><pterm id="FB1_13_1"><signal id="D5PIN_SPECSIG"/><signal id="OpTxFX_DC48_SPECSIG"/></pterm><pterm id="FB1_13_2"><signal id="OpTxFX_DC48_SPECSIG" negated="ON"/><signal id="ADR_13_OBUFLFBK_SPECSIG"/></pterm><pterm id="FB1_13_3"><signal id="XLXN_61" negated="ON"/></pterm><pterm id="FB1_14_1"><signal id="D0PIN_SPECSIG"/><signal id="OpTxFX_DC48_SPECSIG"/></pterm><pterm id="FB1_14_2"><signal id="OpTxFX_DC48_SPECSIG" negated="ON"/><signal id="ADR_8_OBUFLFBK_SPECSIG"/></pterm><pterm id="FB1_14_3"><signal id="XLXN_61" negated="ON"/></pterm><pterm id="FB1_14_4"><signal id="A7_SPECSIG"/><signal id="A6_SPECSIG"/><signal id="A5_SPECSIG"/><signal id="A4_SPECSIG"/><signal id="A3_SPECSIG"/><signal id="A2_SPECSIG"/><signal id="A1_SPECSIG"/><signal id="A0_SPECSIG"/><signal id="XLXN_61" negated="ON"/><signal id="RnW"/></pterm><pterm id="FB1_15_1"><signal id="D0PIN_SPECSIG"/><signal id="OpTxFX_DC48_SPECSIG"/></pterm><pterm id="FB1_15_2"><signal id="OpTxFX_DC48_SPECSIG" negated="ON"/><signal id="ADR_8_OBUFLFBK_SPECSIG"/></pterm><pterm id="FB1_15_3"><signal id="XLXN_61" negated="ON"/></pterm><pterm id="FB1_16_1"><signal id="D7PIN_SPECSIG"/><signal id="OpTxFX_DC48_SPECSIG"/></pterm><pterm id="FB1_16_2"><signal id="OpTxFX_DC48_SPECSIG" negated="ON"/><signal id="ADR_15_OBUFLFBK_SPECSIG"/></pterm><pterm id="FB1_16_3"><signal id="XLXN_61" negated="ON"/></pterm><pterm id="FB1_17_1"><signal id="D1PIN_SPECSIG"/><signal id="OpTxFX_DC48_SPECSIG"/></pterm><pterm id="FB1_17_2"><signal id="OpTxFX_DC48_SPECSIG" negated="ON"/><signal id="ADR_9_OBUFLFBK_SPECSIG"/></pterm><pterm id="FB1_17_3"><signal id="XLXN_61" negated="ON"/></pterm><pterm id="FB1_18_1"><signal id="A7_SPECSIG"/><signal id="A6_SPECSIG"/><signal id="A5_SPECSIG"/><signal id="A4_SPECSIG"/><signal id="A3_SPECSIG"/><signal id="A2_SPECSIG"/><signal id="A1_SPECSIG"/><signal id="A0_SPECSIG" negated="ON"/><signal id="RnW" negated="ON"/><signal id="D0PIN_SPECSIG"/><signal id="ADR16_OBUFLFBK_SPECSIG" negated="ON"/></pterm><pterm id="FB1_18_2"><signal id="A7_SPECSIG"/><signal id="A6_SPECSIG"/><signal id="A5_SPECSIG"/><signal id="A4_SPECSIG"/><signal id="A3_SPECSIG"/><signal id="A2_SPECSIG"/><signal id="A1_SPECSIG"/><signal id="A0_SPECSIG" negated="ON"/><signal id="RnW" negated="ON"/><signal id="D0PIN_SPECSIG" negated="ON"/><signal id="ADR16_OBUFLFBK_SPECSIG"/></pterm><pterm id="FB1_18_3"><signal id="XLXN_61" negated="ON"/></pterm><equation id="nIDECS0" negated="ON" userloc="P16"><d2><eq_pterm ptindx="FB1_1_1"/></d2></equation><equation id="IDEH7_SPECSIG" regUse="T" userloc="P13"><d2><eq_pterm ptindx="FB1_2_1"/><eq_pterm ptindx="FB1_2_2"/></d2><clk><eq_pterm ptindx="FB1_2_3"/></clk><reset><fastsig signal="nRST"/></reset><oe><eq_pterm ptindx="FB1_2_4"/></oe><prld ptindx="GND"/></equation><equation id="nIDECS1" negated="ON" userloc="P18"><d2><eq_pterm ptindx="FB1_3_1"/></d2></equation><equation id="SDA" regUse="T" userloc="P20"><d2><eq_pterm ptindx="FB1_4_1"/><eq_pterm ptindx="FB1_4_2"/></d2><clk><eq_pterm ptindx="FB1_4_3"/></clk><reset><fastsig signal="nRST"/></reset><oe><eq_pterm ptindx="FB1_4_4"/></oe><prld ptindx="GND"/></equation><equation id="nIDEWR" negated="ON" userloc="P14"><d2><eq_pterm ptindx="FB1_5_1"/><eq_pterm ptindx="FB1_5_2"/></d2></equation><equation id="nIDERD" negated="ON" userloc="P15"><d2><eq_pterm ptindx="FB1_6_1"/><eq_pterm ptindx="FB1_6_2"/></d2></equation><equation id="SCL" regUse="T" userloc="P25"><d2><eq_pterm ptindx="FB1_7_1"/><eq_pterm ptindx="FB1_7_2"/></d2><clk><eq_pterm ptindx="FB1_7_3"/></clk><reset><fastsig signal="nRST"/></reset><prld ptindx="GND"/></equation><equation id="DRQa" userloc="P17"><d2><eq_pterm ptindx="GND"/></d2></equation><equation id="D5_MLTSRCEDGEWA0_SPECSIG" regUse="D"><d2><eq_pterm ptindx="GND"/></d2><clk><eq_pterm ptindx="GND"/></clk><set><eq_pterm ptindx="FB1_9_2"/></set><reset><eq_pterm ptindx="FB1_9_1"/></reset><oe><eq_pterm ptindx="FB1_9_3"/></oe><prld ptindx="GND"/></equation><equation id="nROE" userloc="P28"><d2><eq_pterm ptindx="FB1_10_1"/></d2></equation><equation id="D4_MLTSRCEDGEWA0_SPECSIG" regUse="D"><d2><eq_pterm ptindx="GND"/></d2><clk><eq_pterm ptindx="GND"/></clk><set><eq_pterm ptindx="FB1_11_2"/></set><reset><eq_pterm ptindx="FB1_11_1"/></reset><oe><eq_pterm ptindx="FB1_11_3"/></oe><prld ptindx="GND"/></equation><equation id="ADR11_SPECSIG" regUse="D" userloc="P33"><d2><eq_pterm ptindx="FB1_12_1"/><eq_pterm ptindx="FB1_12_2"/></d2><clk><eq_pterm ptindx="FB1_12_3"/></clk><reset><fastsig signal="nRST"/></reset><prld ptindx="GND"/></equation><equation id="ADR13_SPECSIG" regUse="D" userloc="P36"><d2><eq_pterm ptindx="FB1_13_1"/><eq_pterm ptindx="FB1_13_2"/></d2><clk><eq_pterm ptindx="FB1_13_3"/></clk><reset><fastsig signal="nRST"/></reset><prld ptindx="GND"/></equation><equation id="D0_MLTSRCEDGEWA3_SPECSIG" regUse="D"><d2><eq_pterm ptindx="FB1_14_1"/><eq_pterm ptindx="FB1_14_2"/></d2><clk><eq_pterm ptindx="FB1_14_3"/></clk><reset><fastsig signal="nRST"/></reset><oe><eq_pterm ptindx="FB1_14_4"/></oe><prld ptindx="GND"/></equation><equation id="ADR8_SPECSIG" regUse="D" userloc="P29"><d2><eq_pterm ptindx="FB1_15_1"/><eq_pterm ptindx="FB1_15_2"/></d2><clk><eq_pterm ptindx="FB1_15_3"/></clk><reset><fastsig signal="nRST"/></reset><prld ptindx="GND"/></equation><equation id="ADR15_SPECSIG" regUse="D" userloc="P39"><d2><eq_pterm ptindx="FB1_16_1"/><eq_pterm ptindx="FB1_16_2"/></d2><clk><eq_pterm ptindx="FB1_16_3"/></clk><reset><fastsig signal="nRST"/></reset><prld ptindx="GND"/></equation><equation id="ADR9_SPECSIG" regUse="D" userloc="P30"><d2><eq_pterm ptindx="FB1_17_1"/><eq_pterm ptindx="FB1_17_2"/></d2><clk><eq_pterm ptindx="FB1_17_3"/></clk><reset><fastsig signal="nRST"/></reset><prld ptindx="GND"/></equation><equation id="ADR16" regUse="T" userloc="P40"><d2><eq_pterm ptindx="FB1_18_1"/><eq_pterm ptindx="FB1_18_2"/></d2><clk><eq_pterm ptindx="FB1_18_3"/></clk><reset><fastsig signal="nRST"/></reset><prld ptindx="GND"/></equation></fblock><fblock id="FB2" inputUse="36" pinUse="16"><macrocell id="FB2_MC1" pin="FB2_MC1_PIN87" pwr="LOW" sigUse="4" signal="D6_SPECSIG"><pterms pt1="FB2_1_1" pt2="FB2_1_2"/></macrocell><macrocell id="FB2_MC2" pin="FB2_MC2_PIN94" pwr="LOW" sigUse="9" signal="OpTxFX_DC48_SPECSIG"><pterms pt1="FB2_2_1"/></macrocell><macrocell id="FB2_MC3" pin="FB2_MC3_PIN91" pwr="LOW" sigUse="2" signal="OpTxFX_DC37_SPECSIG"><pterms pt1="FB2_3_1"/></macrocell><macrocell id="FB2_MC4" pin="FB2_MC4_PIN93" pwr="LOW" sigUse="11" signal="XLXN_201XLXN_201_RSTF_SPECSIG"><pterms pt1="FB2_4_1" pt2="FB2_4_2"/></macrocell><macrocell id="FB2_MC5" pin="FB2_MC5_PIN95" pwr="LOW" sigUse="10" signal="D5_MLTSRCEDGEBUF0D&lt;5&gt;_MLTSRCEDGEBUF0_TRST_SPECSIG"><pterms pt1="FB2_5_1" pt2="FB2_5_2"/></macrocell><macrocell id="FB2_MC6" pin="FB2_MC6_PIN96" pwr="LOW" sigUse="11" signal="D0_MLTSRCEDGED&lt;0&gt;_MLTSRCEDGE_TRST_SPECSIG"><pterms pt1="FB2_6_1" pt2="FB2_6_2"/></macrocell><macrocell id="FB2_MC7" pin="FB2_MC7_PIN3" pwr="LOW" sigUse="10" signal="D3_MLTSRCEDGEWA0_SPECSIG"><pterms pt1="FB2_7_1" pt2="FB2_7_2" pt3="FB2_7_3"/></macrocell><macrocell id="FB2_MC8" pin="FB2_MC8_PIN97" pwr="LOW" sigUse="10" signal="D2_MLTSRCEDGEWA0_SPECSIG"><pterms pt1="FB2_8_1" pt2="FB2_8_2" pt3="FB2_8_3"/></macrocell><macrocell id="FB2_MC9" pin="FB2_MC9_PIN99" pwr="LOW" sigUse="13" signal="D1_MLTSRCEDGEWA1_SPECSIG"><pterms pt1="FB2_9_1" pt2="FB2_9_2" pt3="FB2_9_3" pt4="FB2_9_4"/></macrocell><macrocell id="FB2_MC10" pin="FB2_MC10_PIN1" pwr="LOW" sigUse="11" signal="IDEH0_SPECSIG"><pterms pt1="FB2_10_1" pt2="FB2_10_2" pt3="FB2_10_3" pt4="FB2_10_4"/></macrocell><macrocell id="FB2_MC11" pin="FB2_MC11_PIN4" pwr="LOW" sigUse="10" signal="D1_MLTSRCEDGEWA0_SPECSIG"><pterms pt1="FB2_11_1" pt2="FB2_11_2" pt3="FB2_11_3"/></macrocell><macrocell id="FB2_MC12" pin="FB2_MC12_PIN6" pwr="LOW" sigUse="11" signal="IDEH1_SPECSIG"><pterms pt1="FB2_12_1" pt2="FB2_12_2" pt3="FB2_12_3" pt4="FB2_12_4"/></macrocell><macrocell id="FB2_MC13" pin="FB2_MC13_PIN8" pwr="LOW" sigUse="11" signal="IDEH2_SPECSIG"><pterms pt1="FB2_13_1" pt2="FB2_13_2" pt3="FB2_13_3" pt4="FB2_13_4"/></macrocell><macrocell id="FB2_MC14" pin="FB2_MC14_PIN9" pwr="LOW" sigUse="11" signal="IDEH3_SPECSIG"><pterms pt1="FB2_14_1" pt2="FB2_14_2" pt3="FB2_14_3" pt4="FB2_14_4"/></macrocell><macrocell id="FB2_MC15" pin="FB2_MC15_PIN11" pwr="LOW" sigUse="11" signal="IDEH5_SPECSIG"><pterms pt1="FB2_15_1" pt2="FB2_15_2" pt3="FB2_15_3" pt4="FB2_15_4"/></macrocell><macrocell id="FB2_MC16" pin="FB2_MC16_PIN10" pwr="LOW" sigUse="11" signal="IDEH4_SPECSIG"><pterms pt1="FB2_16_1" pt2="FB2_16_2" pt3="FB2_16_3" pt4="FB2_16_4"/></macrocell><macrocell id="FB2_MC17" pin="FB2_MC17_PIN12" pwr="LOW" sigUse="11" signal="IDEH6_SPECSIG"><pterms pt1="FB2_17_1" pt2="FB2_17_2" pt3="FB2_17_3" pt4="FB2_17_4"/></macrocell><macrocell id="FB2_MC18" pin="FB2_MC18_PIN92" pwr="LOW" sigUse="10" signal="D0_MLTSRCEDGEWA0_SPECSIG"><pterms pt1="FB2_18_1" pt2="FB2_18_2" pt3="FB2_18_3"/></macrocell><fbinput fbk="LFBK" id="FB2_I1" signal="OpTxFX_DC37LFBK_SPECSIG"/><fbinput fbk="LFBK" id="FB2_I2" signal="OpTxFX_DC48LFBK_SPECSIG"/><fbinput fbk="PIN" id="FB2_I3" signal="ADR9PIN_SPECSIG"/><fbinput id="FB2_I4" signal="A0_SPECSIG"/><fbinput id="FB2_I5" signal="A1_SPECSIG"/><fbinput id="FB2_I6" signal="A2_SPECSIG"/><fbinput id="FB2_I7" signal="A3_SPECSIG"/><fbinput id="FB2_I8" signal="A4_SPECSIG"/><fbinput id="FB2_I9" signal="A5_SPECSIG"/><fbinput id="FB2_I10" signal="A6_SPECSIG"/><fbinput id="FB2_I11" signal="A7_SPECSIG"/><fbinput id="FB2_I12" signal="D6_MLTSRCEDGEWA0_SPECSIG"/><fbinput id="FB2_I13" signal="D6_MLTSRCEDGEWA1_SPECSIG"/><fbinput id="FB2_I14" signal="D6_MLTSRCEDGEWA2_SPECSIG"/><fbinput id="FB2_I15" signal="D7_MLTSRCEDGED&lt;7&gt;_MLTSRCEDGE_TRST_SPECSIG"/><fbinput fbk="PIN" id="FB2_I16" signal="D6PIN_SPECSIG"/><fbinput fbk="PIN" id="FB2_I17" signal="D5PIN_SPECSIG"/><fbinput fbk="PIN" id="FB2_I18" signal="D4PIN_SPECSIG"/><fbinput fbk="PIN" id="FB2_I19" signal="D3PIN_SPECSIG"/><fbinput fbk="PIN" id="FB2_I20" signal="D2PIN_SPECSIG"/><fbinput fbk="PIN" id="FB2_I21" signal="D1PIN_SPECSIG"/><fbinput fbk="PIN" id="FB2_I22" signal="D0PIN_SPECSIG"/><fbinput fbk="PIN" id="FB2_I23" signal="IDEH3PIN_SPECSIG"/><fbinput fbk="PIN" id="FB2_I24" signal="IDEH2PIN_SPECSIG"/><fbinput fbk="PIN" id="FB2_I25" signal="IDEH1PIN_SPECSIG"/><fbinput fbk="PIN" id="FB2_I26" signal="IDEH0PIN_SPECSIG"/><fbinput id="FB2_I27" signal="RnW"/><fbinput id="FB2_I28" signal="XLXN_61"/><fbinput fbk="LFBK" id="FB2_I29" signal="XLXN_640LFBK_SPECSIG"/><fbinput fbk="LFBK" id="FB2_I30" signal="XLXN_641LFBK_SPECSIG"/><fbinput fbk="LFBK" id="FB2_I31" signal="XLXN_642LFBK_SPECSIG"/><fbinput fbk="LFBK" id="FB2_I32" signal="XLXN_643LFBK_SPECSIG"/><fbinput fbk="LFBK" id="FB2_I33" signal="XLXN_644LFBK_SPECSIG"/><fbinput fbk="LFBK" id="FB2_I34" signal="XLXN_645LFBK_SPECSIG"/><fbinput fbk="LFBK" id="FB2_I35" signal="XLXN_646LFBK_SPECSIG"/><fbinput id="FB2_I36" signal="nRST"/><pterm id="FB2_1_1"><signal id="D6_MLTSRCEDGEWA2_SPECSIG"/><signal id="D6_MLTSRCEDGEWA0_SPECSIG"/><signal id="D6_MLTSRCEDGEWA1_SPECSIG"/></pterm><pterm id="FB2_1_2"><signal id="D7_MLTSRCEDGED&lt;7&gt;_MLTSRCEDGE_TRST_SPECSIG"/></pterm><pterm id="FB2_2_1"><signal id="A7_SPECSIG"/><signal id="A6_SPECSIG"/><signal id="A5_SPECSIG"/><signal id="A4_SPECSIG"/><signal id="A3_SPECSIG"/><signal id="A2_SPECSIG"/><signal id="A1_SPECSIG"/><signal id="A0_SPECSIG"/><signal id="RnW" negated="ON"/></pterm><pterm id="FB2_3_1"><signal id="A3_SPECSIG"/><signal id="A2_SPECSIG" negated="ON"/></pterm><pterm id="FB2_4_1"><signal id="nRST" negated="ON"/></pterm><pterm id="FB2_4_2"><signal id="A7_SPECSIG"/><signal id="A6_SPECSIG"/><signal id="A5_SPECSIG"/><signal id="A4_SPECSIG"/><signal id="A3_SPECSIG"/><signal id="A2_SPECSIG" negated="ON"/><signal id="A1_SPECSIG" negated="ON"/><signal id="A0_SPECSIG" negated="ON"/><signal id="XLXN_61" negated="ON"/><signal id="RnW"/></pterm><pterm id="FB2_5_1"><signal id="A7_SPECSIG" negated="ON"/><signal id="A6_SPECSIG"/><signal id="A5_SPECSIG" negated="ON"/><signal id="A4_SPECSIG" negated="ON"/><signal id="A3_SPECSIG"/><signal id="A2_SPECSIG" negated="ON"/><signal id="XLXN_61" negated="ON"/><signal id="RnW"/></pterm><pterm id="FB2_5_2"><signal id="A7_SPECSIG"/><signal id="A6_SPECSIG"/><signal id="A5_SPECSIG"/><signal id="A4_SPECSIG"/><signal id="A3_SPECSIG"/><signal id="A2_SPECSIG"/><signal id="A1_SPECSIG"/><signal id="A0_SPECSIG"/><signal id="XLXN_61" negated="ON"/><signal id="RnW"/></pterm><pterm id="FB2_6_1"><signal id="D7_MLTSRCEDGED&lt;7&gt;_MLTSRCEDGE_TRST_SPECSIG"/></pterm><pterm id="FB2_6_2"><signal id="A7_SPECSIG"/><signal id="A6_SPECSIG"/><signal id="A5_SPECSIG"/><signal id="A4_SPECSIG"/><signal id="A3_SPECSIG"/><signal id="A2_SPECSIG" negated="ON"/><signal id="A1_SPECSIG"/><signal id="A0_SPECSIG" negated="ON"/><signal id="XLXN_61" negated="ON"/><signal id="RnW"/></pterm><pterm id="FB2_7_1"><signal id="A7_SPECSIG" negated="ON"/><signal id="A6_SPECSIG"/><signal id="A5_SPECSIG" negated="ON"/><signal id="A4_SPECSIG" negated="ON"/><signal id="XLXN_61" negated="ON"/><signal id="RnW"/><signal id="IDEH3PIN_SPECSIG" negated="ON"/><signal id="OpTxFX_DC37LFBK_SPECSIG" negated="ON"/></pterm><pterm id="FB2_7_2"><signal id="A7_SPECSIG" negated="ON"/><signal id="A6_SPECSIG"/><signal id="A5_SPECSIG" negated="ON"/><signal id="A4_SPECSIG" negated="ON"/><signal id="XLXN_61" negated="ON"/><signal id="RnW"/><signal id="IDEH3PIN_SPECSIG"/><signal id="OpTxFX_DC37LFBK_SPECSIG" negated="ON"/></pterm><pterm id="FB2_7_3"><signal id="A7_SPECSIG" negated="ON"/><signal id="A6_SPECSIG"/><signal id="A5_SPECSIG" negated="ON"/><signal id="A4_SPECSIG" negated="ON"/><signal id="A3_SPECSIG"/><signal id="A2_SPECSIG" negated="ON"/><signal id="XLXN_61" negated="ON"/><signal id="RnW"/></pterm><pterm id="FB2_8_1"><signal id="A7_SPECSIG" negated="ON"/><signal id="A6_SPECSIG"/><signal id="A5_SPECSIG" negated="ON"/><signal id="A4_SPECSIG" negated="ON"/><signal id="XLXN_61" negated="ON"/><signal id="RnW"/><signal id="IDEH2PIN_SPECSIG" negated="ON"/><signal id="OpTxFX_DC37LFBK_SPECSIG" negated="ON"/></pterm><pterm id="FB2_8_2"><signal id="A7_SPECSIG" negated="ON"/><signal id="A6_SPECSIG"/><signal id="A5_SPECSIG" negated="ON"/><signal id="A4_SPECSIG" negated="ON"/><signal id="XLXN_61" negated="ON"/><signal id="RnW"/><signal id="IDEH2PIN_SPECSIG"/><signal id="OpTxFX_DC37LFBK_SPECSIG" negated="ON"/></pterm><pterm id="FB2_8_3"><signal id="A7_SPECSIG" negated="ON"/><signal id="A6_SPECSIG"/><signal id="A5_SPECSIG" negated="ON"/><signal id="A4_SPECSIG" negated="ON"/><signal id="A3_SPECSIG"/><signal id="A2_SPECSIG" negated="ON"/><signal id="XLXN_61" negated="ON"/><signal id="RnW"/></pterm><pterm id="FB2_9_1"><signal id="D1PIN_SPECSIG"/><signal id="OpTxFX_DC48LFBK_SPECSIG"/></pterm><pterm id="FB2_9_2"><signal id="OpTxFX_DC48LFBK_SPECSIG" negated="ON"/><signal id="ADR9PIN_SPECSIG"/></pterm><pterm id="FB2_9_3"><signal id="XLXN_61" negated="ON"/></pterm><pterm id="FB2_9_4"><signal id="A7_SPECSIG"/><signal id="A6_SPECSIG"/><signal id="A5_SPECSIG"/><signal id="A4_SPECSIG"/><signal id="A3_SPECSIG"/><signal id="A2_SPECSIG"/><signal id="A1_SPECSIG"/><signal id="A0_SPECSIG"/><signal id="XLXN_61" negated="ON"/><signal id="RnW"/></pterm><pterm id="FB2_10_1"><signal id="A7_SPECSIG" negated="ON"/><signal id="A6_SPECSIG"/><signal id="A5_SPECSIG" negated="ON"/><signal id="A4_SPECSIG" negated="ON"/><signal id="A3_SPECSIG"/><signal id="A2_SPECSIG" negated="ON"/><signal id="RnW" negated="ON"/><signal id="D0PIN_SPECSIG"/><signal id="XLXN_640LFBK_SPECSIG" negated="ON"/></pterm><pterm id="FB2_10_2"><signal id="A7_SPECSIG" negated="ON"/><signal id="A6_SPECSIG"/><signal id="A5_SPECSIG" negated="ON"/><signal id="A4_SPECSIG" negated="ON"/><signal id="A3_SPECSIG"/><signal id="A2_SPECSIG" negated="ON"/><signal id="RnW" negated="ON"/><signal id="D0PIN_SPECSIG" negated="ON"/><signal id="XLXN_640LFBK_SPECSIG"/></pterm><pterm id="FB2_10_3"><signal id="XLXN_61" negated="ON"/></pterm><pterm id="FB2_10_4"><signal id="A7_SPECSIG" negated="ON"/><signal id="A6_SPECSIG"/><signal id="A5_SPECSIG" negated="ON"/><signal id="A4_SPECSIG" negated="ON"/><signal id="XLXN_61" negated="ON"/><signal id="RnW" negated="ON"/><signal id="OpTxFX_DC37LFBK_SPECSIG" negated="ON"/></pterm><pterm id="FB2_11_1"><signal id="A7_SPECSIG" negated="ON"/><signal id="A6_SPECSIG"/><signal id="A5_SPECSIG" negated="ON"/><signal id="A4_SPECSIG" negated="ON"/><signal id="XLXN_61" negated="ON"/><signal id="RnW"/><signal id="IDEH1PIN_SPECSIG" negated="ON"/><signal id="OpTxFX_DC37LFBK_SPECSIG" negated="ON"/></pterm><pterm id="FB2_11_2"><signal id="A7_SPECSIG" negated="ON"/><signal id="A6_SPECSIG"/><signal id="A5_SPECSIG" negated="ON"/><signal id="A4_SPECSIG" negated="ON"/><signal id="XLXN_61" negated="ON"/><signal id="RnW"/><signal id="IDEH1PIN_SPECSIG"/><signal id="OpTxFX_DC37LFBK_SPECSIG" negated="ON"/></pterm><pterm id="FB2_11_3"><signal id="A7_SPECSIG" negated="ON"/><signal id="A6_SPECSIG"/><signal id="A5_SPECSIG" negated="ON"/><signal id="A4_SPECSIG" negated="ON"/><signal id="A3_SPECSIG"/><signal id="A2_SPECSIG" negated="ON"/><signal id="XLXN_61" negated="ON"/><signal id="RnW"/></pterm><pterm id="FB2_12_1"><signal id="A7_SPECSIG" negated="ON"/><signal id="A6_SPECSIG"/><signal id="A5_SPECSIG" negated="ON"/><signal id="A4_SPECSIG" negated="ON"/><signal id="A3_SPECSIG"/><signal id="A2_SPECSIG" negated="ON"/><signal id="RnW" negated="ON"/><signal id="D1PIN_SPECSIG"/><signal id="XLXN_641LFBK_SPECSIG" negated="ON"/></pterm><pterm id="FB2_12_2"><signal id="A7_SPECSIG" negated="ON"/><signal id="A6_SPECSIG"/><signal id="A5_SPECSIG" negated="ON"/><signal id="A4_SPECSIG" negated="ON"/><signal id="A3_SPECSIG"/><signal id="A2_SPECSIG" negated="ON"/><signal id="RnW" negated="ON"/><signal id="D1PIN_SPECSIG" negated="ON"/><signal id="XLXN_641LFBK_SPECSIG"/></pterm><pterm id="FB2_12_3"><signal id="XLXN_61" negated="ON"/></pterm><pterm id="FB2_12_4"><signal id="A7_SPECSIG" negated="ON"/><signal id="A6_SPECSIG"/><signal id="A5_SPECSIG" negated="ON"/><signal id="A4_SPECSIG" negated="ON"/><signal id="XLXN_61" negated="ON"/><signal id="RnW" negated="ON"/><signal id="OpTxFX_DC37LFBK_SPECSIG" negated="ON"/></pterm><pterm id="FB2_13_1"><signal id="A7_SPECSIG" negated="ON"/><signal id="A6_SPECSIG"/><signal id="A5_SPECSIG" negated="ON"/><signal id="A4_SPECSIG" negated="ON"/><signal id="A3_SPECSIG"/><signal id="A2_SPECSIG" negated="ON"/><signal id="RnW" negated="ON"/><signal id="D2PIN_SPECSIG"/><signal id="XLXN_642LFBK_SPECSIG" negated="ON"/></pterm><pterm id="FB2_13_2"><signal id="A7_SPECSIG" negated="ON"/><signal id="A6_SPECSIG"/><signal id="A5_SPECSIG" negated="ON"/><signal id="A4_SPECSIG" negated="ON"/><signal id="A3_SPECSIG"/><signal id="A2_SPECSIG" negated="ON"/><signal id="RnW" negated="ON"/><signal id="D2PIN_SPECSIG" negated="ON"/><signal id="XLXN_642LFBK_SPECSIG"/></pterm><pterm id="FB2_13_3"><signal id="XLXN_61" negated="ON"/></pterm><pterm id="FB2_13_4"><signal id="A7_SPECSIG" negated="ON"/><signal id="A6_SPECSIG"/><signal id="A5_SPECSIG" negated="ON"/><signal id="A4_SPECSIG" negated="ON"/><signal id="XLXN_61" negated="ON"/><signal id="RnW" negated="ON"/><signal id="OpTxFX_DC37LFBK_SPECSIG" negated="ON"/></pterm><pterm id="FB2_14_1"><signal id="A7_SPECSIG" negated="ON"/><signal id="A6_SPECSIG"/><signal id="A5_SPECSIG" negated="ON"/><signal id="A4_SPECSIG" negated="ON"/><signal id="A3_SPECSIG"/><signal id="A2_SPECSIG" negated="ON"/><signal id="RnW" negated="ON"/><signal id="D3PIN_SPECSIG"/><signal id="XLXN_643LFBK_SPECSIG" negated="ON"/></pterm><pterm id="FB2_14_2"><signal id="A7_SPECSIG" negated="ON"/><signal id="A6_SPECSIG"/><signal id="A5_SPECSIG" negated="ON"/><signal id="A4_SPECSIG" negated="ON"/><signal id="A3_SPECSIG"/><signal id="A2_SPECSIG" negated="ON"/><signal id="RnW" negated="ON"/><signal id="D3PIN_SPECSIG" negated="ON"/><signal id="XLXN_643LFBK_SPECSIG"/></pterm><pterm id="FB2_14_3"><signal id="XLXN_61" negated="ON"/></pterm><pterm id="FB2_14_4"><signal id="A7_SPECSIG" negated="ON"/><signal id="A6_SPECSIG"/><signal id="A5_SPECSIG" negated="ON"/><signal id="A4_SPECSIG" negated="ON"/><signal id="XLXN_61" negated="ON"/><signal id="RnW" negated="ON"/><signal id="OpTxFX_DC37LFBK_SPECSIG" negated="ON"/></pterm><pterm id="FB2_15_1"><signal id="A7_SPECSIG" negated="ON"/><signal id="A6_SPECSIG"/><signal id="A5_SPECSIG" negated="ON"/><signal id="A4_SPECSIG" negated="ON"/><signal id="A3_SPECSIG"/><signal id="A2_SPECSIG" negated="ON"/><signal id="RnW" negated="ON"/><signal id="D5PIN_SPECSIG"/><signal id="XLXN_645LFBK_SPECSIG" negated="ON"/></pterm><pterm id="FB2_15_2"><signal id="A7_SPECSIG" negated="ON"/><signal id="A6_SPECSIG"/><signal id="A5_SPECSIG" negated="ON"/><signal id="A4_SPECSIG" negated="ON"/><signal id="A3_SPECSIG"/><signal id="A2_SPECSIG" negated="ON"/><signal id="RnW" negated="ON"/><signal id="D5PIN_SPECSIG" negated="ON"/><signal id="XLXN_645LFBK_SPECSIG"/></pterm><pterm id="FB2_15_3"><signal id="XLXN_61" negated="ON"/></pterm><pterm id="FB2_15_4"><signal id="A7_SPECSIG" negated="ON"/><signal id="A6_SPECSIG"/><signal id="A5_SPECSIG" negated="ON"/><signal id="A4_SPECSIG" negated="ON"/><signal id="XLXN_61" negated="ON"/><signal id="RnW" negated="ON"/><signal id="OpTxFX_DC37LFBK_SPECSIG" negated="ON"/></pterm><pterm id="FB2_16_1"><signal id="A7_SPECSIG" negated="ON"/><signal id="A6_SPECSIG"/><signal id="A5_SPECSIG" negated="ON"/><signal id="A4_SPECSIG" negated="ON"/><signal id="A3_SPECSIG"/><signal id="A2_SPECSIG" negated="ON"/><signal id="RnW" negated="ON"/><signal id="D4PIN_SPECSIG"/><signal id="XLXN_644LFBK_SPECSIG" negated="ON"/></pterm><pterm id="FB2_16_2"><signal id="A7_SPECSIG" negated="ON"/><signal id="A6_SPECSIG"/><signal id="A5_SPECSIG" negated="ON"/><signal id="A4_SPECSIG" negated="ON"/><signal id="A3_SPECSIG"/><signal id="A2_SPECSIG" negated="ON"/><signal id="RnW" negated="ON"/><signal id="D4PIN_SPECSIG" negated="ON"/><signal id="XLXN_644LFBK_SPECSIG"/></pterm><pterm id="FB2_16_3"><signal id="XLXN_61" negated="ON"/></pterm><pterm id="FB2_16_4"><signal id="A7_SPECSIG" negated="ON"/><signal id="A6_SPECSIG"/><signal id="A5_SPECSIG" negated="ON"/><signal id="A4_SPECSIG" negated="ON"/><signal id="XLXN_61" negated="ON"/><signal id="RnW" negated="ON"/><signal id="OpTxFX_DC37LFBK_SPECSIG" negated="ON"/></pterm><pterm id="FB2_17_1"><signal id="A7_SPECSIG" negated="ON"/><signal id="A6_SPECSIG"/><signal id="A5_SPECSIG" negated="ON"/><signal id="A4_SPECSIG" negated="ON"/><signal id="A3_SPECSIG"/><signal id="A2_SPECSIG" negated="ON"/><signal id="RnW" negated="ON"/><signal id="D6PIN_SPECSIG"/><signal id="XLXN_646LFBK_SPECSIG" negated="ON"/></pterm><pterm id="FB2_17_2"><signal id="A7_SPECSIG" negated="ON"/><signal id="A6_SPECSIG"/><signal id="A5_SPECSIG" negated="ON"/><signal id="A4_SPECSIG" negated="ON"/><signal id="A3_SPECSIG"/><signal id="A2_SPECSIG" negated="ON"/><signal id="RnW" negated="ON"/><signal id="D6PIN_SPECSIG" negated="ON"/><signal id="XLXN_646LFBK_SPECSIG"/></pterm><pterm id="FB2_17_3"><signal id="XLXN_61" negated="ON"/></pterm><pterm id="FB2_17_4"><signal id="A7_SPECSIG" negated="ON"/><signal id="A6_SPECSIG"/><signal id="A5_SPECSIG" negated="ON"/><signal id="A4_SPECSIG" negated="ON"/><signal id="XLXN_61" negated="ON"/><signal id="RnW" negated="ON"/><signal id="OpTxFX_DC37LFBK_SPECSIG" negated="ON"/></pterm><pterm id="FB2_18_1"><signal id="A7_SPECSIG" negated="ON"/><signal id="A6_SPECSIG"/><signal id="A5_SPECSIG" negated="ON"/><signal id="A4_SPECSIG" negated="ON"/><signal id="XLXN_61" negated="ON"/><signal id="RnW"/><signal id="IDEH0PIN_SPECSIG" negated="ON"/><signal id="OpTxFX_DC37LFBK_SPECSIG" negated="ON"/></pterm><pterm id="FB2_18_2"><signal id="A7_SPECSIG" negated="ON"/><signal id="A6_SPECSIG"/><signal id="A5_SPECSIG" negated="ON"/><signal id="A4_SPECSIG" negated="ON"/><signal id="XLXN_61" negated="ON"/><signal id="RnW"/><signal id="IDEH0PIN_SPECSIG"/><signal id="OpTxFX_DC37LFBK_SPECSIG" negated="ON"/></pterm><pterm id="FB2_18_3"><signal id="A7_SPECSIG" negated="ON"/><signal id="A6_SPECSIG"/><signal id="A5_SPECSIG" negated="ON"/><signal id="A4_SPECSIG" negated="ON"/><signal id="A3_SPECSIG"/><signal id="A2_SPECSIG" negated="ON"/><signal id="XLXN_61" negated="ON"/><signal id="RnW"/></pterm><equation id="D6_SPECSIG" userloc="P87"><d2><eq_pterm ptindx="FB2_1_1"/></d2><oe><eq_pterm ptindx="FB2_1_2"/></oe></equation><equation id="OpTxFX_DC48_SPECSIG"><d2><eq_pterm ptindx="FB2_2_1"/></d2></equation><equation id="OpTxFX_DC37_SPECSIG"><d2><eq_pterm ptindx="FB2_3_1"/></d2></equation><equation id="XLXN_201XLXN_201_RSTF_SPECSIG"><d2><eq_pterm ptindx="FB2_4_1"/><eq_pterm ptindx="FB2_4_2"/></d2></equation><equation id="D5_MLTSRCEDGEBUF0D&lt;5&gt;_MLTSRCEDGEBUF0_TRST_SPECSIG"><d2><eq_pterm ptindx="FB2_5_1"/><eq_pterm ptindx="FB2_5_2"/></d2></equation><equation id="D0_MLTSRCEDGED&lt;0&gt;_MLTSRCEDGE_TRST_SPECSIG"><d2><eq_pterm ptindx="FB2_6_1"/><eq_pterm ptindx="FB2_6_2"/></d2></equation><equation id="D3_MLTSRCEDGEWA0_SPECSIG" regUse="D"><d2><eq_pterm ptindx="GND"/></d2><clk><eq_pterm ptindx="GND"/></clk><set><eq_pterm ptindx="FB2_7_2"/></set><reset><eq_pterm ptindx="FB2_7_1"/></reset><oe><eq_pterm ptindx="FB2_7_3"/></oe><prld ptindx="GND"/></equation><equation id="D2_MLTSRCEDGEWA0_SPECSIG" regUse="D"><d2><eq_pterm ptindx="GND"/></d2><clk><eq_pterm ptindx="GND"/></clk><set><eq_pterm ptindx="FB2_8_2"/></set><reset><eq_pterm ptindx="FB2_8_1"/></reset><oe><eq_pterm ptindx="FB2_8_3"/></oe><prld ptindx="GND"/></equation><equation id="D1_MLTSRCEDGEWA1_SPECSIG" regUse="D"><d2><eq_pterm ptindx="FB2_9_1"/><eq_pterm ptindx="FB2_9_2"/></d2><clk><eq_pterm ptindx="FB2_9_3"/></clk><reset><fastsig signal="nRST"/></reset><oe><eq_pterm ptindx="FB2_9_4"/></oe><prld ptindx="GND"/></equation><equation id="IDEH0_SPECSIG" regUse="T" userloc="P1"><d2><eq_pterm ptindx="FB2_10_1"/><eq_pterm ptindx="FB2_10_2"/></d2><clk><eq_pterm ptindx="FB2_10_3"/></clk><reset><fastsig signal="nRST"/></reset><oe><eq_pterm ptindx="FB2_10_4"/></oe><prld ptindx="GND"/></equation><equation id="D1_MLTSRCEDGEWA0_SPECSIG" regUse="D"><d2><eq_pterm ptindx="GND"/></d2><clk><eq_pterm ptindx="GND"/></clk><set><eq_pterm ptindx="FB2_11_2"/></set><reset><eq_pterm ptindx="FB2_11_1"/></reset><oe><eq_pterm ptindx="FB2_11_3"/></oe><prld ptindx="GND"/></equation><equation id="IDEH1_SPECSIG" regUse="T" userloc="P6"><d2><eq_pterm ptindx="FB2_12_1"/><eq_pterm ptindx="FB2_12_2"/></d2><clk><eq_pterm ptindx="FB2_12_3"/></clk><reset><fastsig signal="nRST"/></reset><oe><eq_pterm ptindx="FB2_12_4"/></oe><prld ptindx="GND"/></equation><equation id="IDEH2_SPECSIG" regUse="T" userloc="P8"><d2><eq_pterm ptindx="FB2_13_1"/><eq_pterm ptindx="FB2_13_2"/></d2><clk><eq_pterm ptindx="FB2_13_3"/></clk><reset><fastsig signal="nRST"/></reset><oe><eq_pterm ptindx="FB2_13_4"/></oe><prld ptindx="GND"/></equation><equation id="IDEH3_SPECSIG" regUse="T" userloc="P9"><d2><eq_pterm ptindx="FB2_14_1"/><eq_pterm ptindx="FB2_14_2"/></d2><clk><eq_pterm ptindx="FB2_14_3"/></clk><reset><fastsig signal="nRST"/></reset><oe><eq_pterm ptindx="FB2_14_4"/></oe><prld ptindx="GND"/></equation><equation id="IDEH5_SPECSIG" regUse="T" userloc="P11"><d2><eq_pterm ptindx="FB2_15_1"/><eq_pterm ptindx="FB2_15_2"/></d2><clk><eq_pterm ptindx="FB2_15_3"/></clk><reset><fastsig signal="nRST"/></reset><oe><eq_pterm ptindx="FB2_15_4"/></oe><prld ptindx="GND"/></equation><equation id="IDEH4_SPECSIG" regUse="T" userloc="P10"><d2><eq_pterm ptindx="FB2_16_1"/><eq_pterm ptindx="FB2_16_2"/></d2><clk><eq_pterm ptindx="FB2_16_3"/></clk><reset><fastsig signal="nRST"/></reset><oe><eq_pterm ptindx="FB2_16_4"/></oe><prld ptindx="GND"/></equation><equation id="IDEH6_SPECSIG" regUse="T" userloc="P12"><d2><eq_pterm ptindx="FB2_17_1"/><eq_pterm ptindx="FB2_17_2"/></d2><clk><eq_pterm ptindx="FB2_17_3"/></clk><reset><fastsig signal="nRST"/></reset><oe><eq_pterm ptindx="FB2_17_4"/></oe><prld ptindx="GND"/></equation><equation id="D0_MLTSRCEDGEWA0_SPECSIG" regUse="D"><d2><eq_pterm ptindx="GND"/></d2><clk><eq_pterm ptindx="GND"/></clk><set><eq_pterm ptindx="FB2_18_2"/></set><reset><eq_pterm ptindx="FB2_18_1"/></reset><oe><eq_pterm ptindx="FB2_18_3"/></oe><prld ptindx="GND"/></equation></fblock><fblock id="FB3" inputUse="34" pinUse="10"><macrocell id="FB3_MC1" pin="FB3_MC1_PIN41" pwr="LOW" sigUse="12" signal="ADR17"><pterms pt1="FB3_1_1" pt2="FB3_1_2" pt3="FB3_1_3"/></macrocell><macrocell id="FB3_MC2" pin="FB3_MC2_PIN32" pwr="LOW" sigUse="4" signal="ADR10_SPECSIG"><pterms pt1="FB3_2_1" pt2="FB3_2_2" pt3="FB3_2_3"/></macrocell><macrocell id="FB3_MC3" pin="FB3_MC3_PIN49" pwr="LOW" sigUse="12" signal="ADR19"><pterms pt1="FB3_3_1" pt2="FB3_3_2" pt3="FB3_3_3"/></macrocell><macrocell id="FB3_MC4" pin="FB3_MC4_PIN50" pwr="LOW" sigUse="1" signal="nRWE"><pterms pt1="FB3_4_1"/></macrocell><macrocell id="FB3_MC5" pin="FB3_MC5_PIN35" pwr="LOW" sigUse="4" signal="ADR12_SPECSIG"><pterms pt1="FB3_5_1" pt2="FB3_5_2" pt3="FB3_5_3"/></macrocell><macrocell id="FB3_MC6" pin="FB3_MC6_PIN53"/><macrocell id="FB3_MC7" pin="FB3_MC7_PIN54" pwr="LOW" sigUse="3" signal="XLXN_61"><pterms pt1="FB3_7_1" pt2="FB3_7_2"/></macrocell><macrocell id="FB3_MC8" pin="FB3_MC8_PIN37" pwr="LOW" sigUse="4" signal="ADR14_SPECSIG"><pterms pt1="FB3_8_1" pt2="FB3_8_2" pt3="FB3_8_3"/></macrocell><macrocell id="FB3_MC9" pin="FB3_MC9_PIN42" pwr="LOW" sigUse="12" signal="ADR18"><pterms pt1="FB3_9_1" pt2="FB3_9_2" pt3="FB3_9_3"/></macrocell><macrocell id="FB3_MC10" pin="FB3_MC10_PIN60" pwr="LOW" sigUse="12" signal="XLXN_116"><pterms pt1="FB3_10_1" pt2="FB3_10_2" pt3="FB3_10_3"/></macrocell><macrocell id="FB3_MC11" pin="FB3_MC11_PIN52" pwr="LOW" sigUse="3" signal="nRCE"><pterms pt1="FB3_11_1" pt2="FB3_11_2"/></macrocell><macrocell id="FB3_MC12" pin="FB3_MC12_PIN61" pwr="LOW" sigUse="12" signal="nDREQ"><pterms pt1="FB3_12_1" pt2="FB3_12_2" pt3="FB3_12_3"/></macrocell><macrocell id="FB3_MC13" pin="FB3_MC13_PIN63" pwr="LOW" sigUse="10" signal="D7_MLTSRCEDGEWA0_SPECSIG"><pterms pt1="FB3_13_1" pt2="FB3_13_2" pt3="FB3_13_3"/></macrocell><macrocell id="FB3_MC14" pin="FB3_MC14_PIN55" pwr="LOW" sigUse="13" signal="D6_MLTSRCEDGEWA2_SPECSIG"><pterms pt1="FB3_14_1" pt2="FB3_14_2" pt3="FB3_14_3" pt4="FB3_14_4"/></macrocell><macrocell id="FB3_MC15" pin="FB3_MC15_PIN56" pwr="LOW" sigUse="13" signal="D5_MLTSRCEDGEWA1_SPECSIG"><pterms pt1="FB3_15_1" pt2="FB3_15_2" pt3="FB3_15_3" pt4="FB3_15_4"/></macrocell><macrocell id="FB3_MC16" pin="FB3_MC16_PIN65" pwr="LOW" sigUse="13" signal="D4_MLTSRCEDGEWA1_SPECSIG"><pterms pt1="FB3_16_1" pt2="FB3_16_2" pt3="FB3_16_3" pt4="FB3_16_4"/></macrocell><macrocell id="FB3_MC17" pin="FB3_MC17_PIN58" pwr="LOW" sigUse="13" signal="D3_MLTSRCEDGEWA1_SPECSIG"><pterms pt1="FB3_17_1" pt2="FB3_17_2" pt3="FB3_17_3" pt4="FB3_17_4"/></macrocell><macrocell id="FB3_MC18" pin="FB3_MC18_PIN59" pwr="LOW" sigUse="13" signal="D2_MLTSRCEDGEWA1_SPECSIG"><pterms pt1="FB3_18_1" pt2="FB3_18_2" pt3="FB3_18_3" pt4="FB3_18_4"/></macrocell><fbinput id="FB3_I1" signal="OpTxFX_DC37_SPECSIG"/><fbinput id="FB3_I2" signal="OpTxFX_DC48_SPECSIG"/><fbinput fbk="LFBK" id="FB3_I3" signal="ADR17_OBUFLFBK_SPECSIG"/><fbinput fbk="LFBK" id="FB3_I4" signal="ADR18_OBUFLFBK_SPECSIG"/><fbinput fbk="LFBK" id="FB3_I5" signal="ADR19_OBUFLFBK_SPECSIG"/><fbinput fbk="PIN" id="FB3_I6" signal="ADR11PIN_SPECSIG"/><fbinput fbk="PIN" id="FB3_I7" signal="ADR13PIN_SPECSIG"/><fbinput fbk="LFBK" id="FB3_I8" signal="ADR_10_OBUFLFBK_SPECSIG"/><fbinput fbk="LFBK" id="FB3_I9" signal="ADR_12_OBUFLFBK_SPECSIG"/><fbinput fbk="LFBK" id="FB3_I10" signal="ADR_14_OBUFLFBK_SPECSIG"/><fbinput id="FB3_I11" signal="A0_SPECSIG"/><fbinput id="FB3_I12" signal="A1_SPECSIG"/><fbinput id="FB3_I13" signal="A2_SPECSIG"/><fbinput id="FB3_I14" signal="A3_SPECSIG"/><fbinput id="FB3_I15" signal="A4_SPECSIG"/><fbinput id="FB3_I16" signal="A5_SPECSIG"/><fbinput id="FB3_I17" signal="A6_SPECSIG"/><fbinput id="FB3_I18" signal="A7_SPECSIG"/><fbinput id="FB3_I19" signal="MHz1"/><fbinput fbk="PIN" id="FB3_I20" signal="IDEH7PIN_SPECSIG"/><fbinput fbk="PIN" id="FB3_I21" signal="D6PIN_SPECSIG"/><fbinput fbk="PIN" id="FB3_I22" signal="D5PIN_SPECSIG"/><fbinput fbk="PIN" id="FB3_I23" signal="D4PIN_SPECSIG"/><fbinput fbk="PIN" id="FB3_I24" signal="D3PIN_SPECSIG"/><fbinput fbk="PIN" id="FB3_I25" signal="D2PIN_SPECSIG"/><fbinput fbk="PIN" id="FB3_I26" signal="D1PIN_SPECSIG"/><fbinput fbk="PIN" id="FB3_I27" signal="D0PIN_SPECSIG"/><fbinput id="FB3_I28" signal="RnW"/><fbinput fbk="LFBK" id="FB3_I29" signal="XLXN_116LFBK_SPECSIG"/><fbinput fbk="LFBK" id="FB3_I30" signal="XLXN_61LFBK_SPECSIG"/><fbinput fbk="LFBK" id="FB3_I31" signal="nDREQ_OBUFLFBK_SPECSIG"/><fbinput id="FB3_I32" signal="nPGFC"/><fbinput id="FB3_I33" signal="nPGFD"/><fbinput fbk="LFBK" id="FB3_I34" signal="nRCE_OBUFLFBK_SPECSIG"/><pterm id="FB3_1_1"><signal id="A7_SPECSIG"/><signal id="A6_SPECSIG"/><signal id="A5_SPECSIG"/><signal id="A4_SPECSIG"/><signal id="A3_SPECSIG"/><signal id="A2_SPECSIG"/><signal id="A1_SPECSIG"/><signal id="A0_SPECSIG" negated="ON"/><signal id="RnW" negated="ON"/><signal id="D1PIN_SPECSIG"/><signal id="ADR17_OBUFLFBK_SPECSIG" negated="ON"/></pterm><pterm id="FB3_1_2"><signal id="A7_SPECSIG"/><signal id="A6_SPECSIG"/><signal id="A5_SPECSIG"/><signal id="A4_SPECSIG"/><signal id="A3_SPECSIG"/><signal id="A2_SPECSIG"/><signal id="A1_SPECSIG"/><signal id="A0_SPECSIG" negated="ON"/><signal id="RnW" negated="ON"/><signal id="D1PIN_SPECSIG" negated="ON"/><signal id="ADR17_OBUFLFBK_SPECSIG"/></pterm><pterm id="FB3_1_3"><signal id="XLXN_61LFBK_SPECSIG" negated="ON"/></pterm><pterm id="FB3_2_1"><signal id="D2PIN_SPECSIG"/><signal id="OpTxFX_DC48_SPECSIG"/></pterm><pterm id="FB3_2_2"><signal id="OpTxFX_DC48_SPECSIG" negated="ON"/><signal id="ADR_10_OBUFLFBK_SPECSIG"/></pterm><pterm id="FB3_2_3"><signal id="XLXN_61LFBK_SPECSIG" negated="ON"/></pterm><pterm id="FB3_3_1"><signal id="A7_SPECSIG"/><signal id="A6_SPECSIG"/><signal id="A5_SPECSIG"/><signal id="A4_SPECSIG"/><signal id="A3_SPECSIG"/><signal id="A2_SPECSIG"/><signal id="A1_SPECSIG"/><signal id="A0_SPECSIG" negated="ON"/><signal id="RnW" negated="ON"/><signal id="D3PIN_SPECSIG"/><signal id="ADR19_OBUFLFBK_SPECSIG" negated="ON"/></pterm><pterm id="FB3_3_2"><signal id="A7_SPECSIG"/><signal id="A6_SPECSIG"/><signal id="A5_SPECSIG"/><signal id="A4_SPECSIG"/><signal id="A3_SPECSIG"/><signal id="A2_SPECSIG"/><signal id="A1_SPECSIG"/><signal id="A0_SPECSIG" negated="ON"/><signal id="RnW" negated="ON"/><signal id="D3PIN_SPECSIG" negated="ON"/><signal id="ADR19_OBUFLFBK_SPECSIG"/></pterm><pterm id="FB3_3_3"><signal id="XLXN_61LFBK_SPECSIG" negated="ON"/></pterm><pterm id="FB3_4_1"><signal id="RnW"/></pterm><pterm id="FB3_5_1"><signal id="D4PIN_SPECSIG"/><signal id="OpTxFX_DC48_SPECSIG"/></pterm><pterm id="FB3_5_2"><signal id="OpTxFX_DC48_SPECSIG" negated="ON"/><signal id="ADR_12_OBUFLFBK_SPECSIG"/></pterm><pterm id="FB3_5_3"><signal id="XLXN_61LFBK_SPECSIG" negated="ON"/></pterm><pterm id="FB3_7_1"><signal id="nPGFC"/></pterm><pterm id="FB3_7_2"><signal id="MHz1" negated="ON"/><signal id="XLXN_61LFBK_SPECSIG" negated="ON"/></pterm><pterm id="FB3_8_1"><signal id="D6PIN_SPECSIG"/><signal id="OpTxFX_DC48_SPECSIG"/></pterm><pterm id="FB3_8_2"><signal id="OpTxFX_DC48_SPECSIG" negated="ON"/><signal id="ADR_14_OBUFLFBK_SPECSIG"/></pterm><pterm id="FB3_8_3"><signal id="XLXN_61LFBK_SPECSIG" negated="ON"/></pterm><pterm id="FB3_9_1"><signal id="A7_SPECSIG"/><signal id="A6_SPECSIG"/><signal id="A5_SPECSIG"/><signal id="A4_SPECSIG"/><signal id="A3_SPECSIG"/><signal id="A2_SPECSIG"/><signal id="A1_SPECSIG"/><signal id="A0_SPECSIG" negated="ON"/><signal id="RnW" negated="ON"/><signal id="D2PIN_SPECSIG"/><signal id="ADR18_OBUFLFBK_SPECSIG" negated="ON"/></pterm><pterm id="FB3_9_2"><signal id="A7_SPECSIG"/><signal id="A6_SPECSIG"/><signal id="A5_SPECSIG"/><signal id="A4_SPECSIG"/><signal id="A3_SPECSIG"/><signal id="A2_SPECSIG"/><signal id="A1_SPECSIG"/><signal id="A0_SPECSIG" negated="ON"/><signal id="RnW" negated="ON"/><signal id="D2PIN_SPECSIG" negated="ON"/><signal id="ADR18_OBUFLFBK_SPECSIG"/></pterm><pterm id="FB3_9_3"><signal id="XLXN_61LFBK_SPECSIG" negated="ON"/></pterm><pterm id="FB3_10_1"><signal id="A7_SPECSIG"/><signal id="A6_SPECSIG"/><signal id="A5_SPECSIG"/><signal id="A4_SPECSIG"/><signal id="A3_SPECSIG"/><signal id="A2_SPECSIG" negated="ON"/><signal id="A1_SPECSIG"/><signal id="A0_SPECSIG"/><signal id="RnW" negated="ON"/><signal id="D0PIN_SPECSIG"/><signal id="XLXN_116LFBK_SPECSIG" negated="ON"/></pterm><pterm id="FB3_10_2"><signal id="A7_SPECSIG"/><signal id="A6_SPECSIG"/><signal id="A5_SPECSIG"/><signal id="A4_SPECSIG"/><signal id="A3_SPECSIG"/><signal id="A2_SPECSIG" negated="ON"/><signal id="A1_SPECSIG"/><signal id="A0_SPECSIG"/><signal id="RnW" negated="ON"/><signal id="D0PIN_SPECSIG" negated="ON"/><signal id="XLXN_116LFBK_SPECSIG"/></pterm><pterm id="FB3_10_3"><signal id="XLXN_61LFBK_SPECSIG" negated="ON"/></pterm><pterm id="FB3_11_1"><signal id="nPGFD"/></pterm><pterm id="FB3_11_2"><signal id="MHz1" negated="ON"/><signal id="nRCE_OBUFLFBK_SPECSIG" negated="ON"/></pterm><pterm id="FB3_12_1"><signal id="A7_SPECSIG"/><signal id="A6_SPECSIG"/><signal id="A5_SPECSIG"/><signal id="A4_SPECSIG"/><signal id="A3_SPECSIG"/><signal id="A2_SPECSIG" negated="ON"/><signal id="A1_SPECSIG" negated="ON"/><signal id="A0_SPECSIG"/><signal id="RnW" negated="ON"/><signal id="D0PIN_SPECSIG"/><signal id="nDREQ_OBUFLFBK_SPECSIG"/></pterm><pterm id="FB3_12_2"><signal id="A7_SPECSIG"/><signal id="A6_SPECSIG"/><signal id="A5_SPECSIG"/><signal id="A4_SPECSIG"/><signal id="A3_SPECSIG"/><signal id="A2_SPECSIG" negated="ON"/><signal id="A1_SPECSIG" negated="ON"/><signal id="A0_SPECSIG"/><signal id="RnW" negated="ON"/><signal id="D0PIN_SPECSIG" negated="ON"/><signal id="nDREQ_OBUFLFBK_SPECSIG" negated="ON"/></pterm><pterm id="FB3_12_3"><signal id="XLXN_61LFBK_SPECSIG" negated="ON"/></pterm><pterm id="FB3_13_1"><signal id="A7_SPECSIG" negated="ON"/><signal id="A6_SPECSIG"/><signal id="A5_SPECSIG" negated="ON"/><signal id="A4_SPECSIG" negated="ON"/><signal id="RnW"/><signal id="IDEH7PIN_SPECSIG" negated="ON"/><signal id="OpTxFX_DC37_SPECSIG" negated="ON"/><signal id="XLXN_61LFBK_SPECSIG" negated="ON"/></pterm><pterm id="FB3_13_2"><signal id="A7_SPECSIG" negated="ON"/><signal id="A6_SPECSIG"/><signal id="A5_SPECSIG" negated="ON"/><signal id="A4_SPECSIG" negated="ON"/><signal id="RnW"/><signal id="IDEH7PIN_SPECSIG"/><signal id="OpTxFX_DC37_SPECSIG" negated="ON"/><signal id="XLXN_61LFBK_SPECSIG" negated="ON"/></pterm><pterm id="FB3_13_3"><signal id="A7_SPECSIG" negated="ON"/><signal id="A6_SPECSIG"/><signal id="A5_SPECSIG" negated="ON"/><signal id="A4_SPECSIG" negated="ON"/><signal id="A3_SPECSIG"/><signal id="A2_SPECSIG" negated="ON"/><signal id="RnW"/><signal id="XLXN_61LFBK_SPECSIG" negated="ON"/></pterm><pterm id="FB3_14_1"><signal id="D6PIN_SPECSIG"/><signal id="OpTxFX_DC48_SPECSIG"/></pterm><pterm id="FB3_14_2"><signal id="OpTxFX_DC48_SPECSIG" negated="ON"/><signal id="ADR_14_OBUFLFBK_SPECSIG"/></pterm><pterm id="FB3_14_3"><signal id="XLXN_61LFBK_SPECSIG" negated="ON"/></pterm><pterm id="FB3_14_4"><signal id="A7_SPECSIG"/><signal id="A6_SPECSIG"/><signal id="A5_SPECSIG"/><signal id="A4_SPECSIG"/><signal id="A3_SPECSIG"/><signal id="A2_SPECSIG"/><signal id="A1_SPECSIG"/><signal id="A0_SPECSIG"/><signal id="RnW"/><signal id="XLXN_61LFBK_SPECSIG" negated="ON"/></pterm><pterm id="FB3_15_1"><signal id="D5PIN_SPECSIG"/><signal id="OpTxFX_DC48_SPECSIG"/></pterm><pterm id="FB3_15_2"><signal id="OpTxFX_DC48_SPECSIG" negated="ON"/><signal id="ADR13PIN_SPECSIG"/></pterm><pterm id="FB3_15_3"><signal id="XLXN_61LFBK_SPECSIG" negated="ON"/></pterm><pterm id="FB3_15_4"><signal id="A7_SPECSIG"/><signal id="A6_SPECSIG"/><signal id="A5_SPECSIG"/><signal id="A4_SPECSIG"/><signal id="A3_SPECSIG"/><signal id="A2_SPECSIG"/><signal id="A1_SPECSIG"/><signal id="A0_SPECSIG"/><signal id="RnW"/><signal id="XLXN_61LFBK_SPECSIG" negated="ON"/></pterm><pterm id="FB3_16_1"><signal id="D4PIN_SPECSIG"/><signal id="OpTxFX_DC48_SPECSIG"/></pterm><pterm id="FB3_16_2"><signal id="OpTxFX_DC48_SPECSIG" negated="ON"/><signal id="ADR_12_OBUFLFBK_SPECSIG"/></pterm><pterm id="FB3_16_3"><signal id="XLXN_61LFBK_SPECSIG" negated="ON"/></pterm><pterm id="FB3_16_4"><signal id="A7_SPECSIG"/><signal id="A6_SPECSIG"/><signal id="A5_SPECSIG"/><signal id="A4_SPECSIG"/><signal id="A3_SPECSIG"/><signal id="A2_SPECSIG"/><signal id="A1_SPECSIG"/><signal id="A0_SPECSIG"/><signal id="RnW"/><signal id="XLXN_61LFBK_SPECSIG" negated="ON"/></pterm><pterm id="FB3_17_1"><signal id="D3PIN_SPECSIG"/><signal id="OpTxFX_DC48_SPECSIG"/></pterm><pterm id="FB3_17_2"><signal id="OpTxFX_DC48_SPECSIG" negated="ON"/><signal id="ADR11PIN_SPECSIG"/></pterm><pterm id="FB3_17_3"><signal id="XLXN_61LFBK_SPECSIG" negated="ON"/></pterm><pterm id="FB3_17_4"><signal id="A7_SPECSIG"/><signal id="A6_SPECSIG"/><signal id="A5_SPECSIG"/><signal id="A4_SPECSIG"/><signal id="A3_SPECSIG"/><signal id="A2_SPECSIG"/><signal id="A1_SPECSIG"/><signal id="A0_SPECSIG"/><signal id="RnW"/><signal id="XLXN_61LFBK_SPECSIG" negated="ON"/></pterm><pterm id="FB3_18_1"><signal id="D2PIN_SPECSIG"/><signal id="OpTxFX_DC48_SPECSIG"/></pterm><pterm id="FB3_18_2"><signal id="OpTxFX_DC48_SPECSIG" negated="ON"/><signal id="ADR_10_OBUFLFBK_SPECSIG"/></pterm><pterm id="FB3_18_3"><signal id="XLXN_61LFBK_SPECSIG" negated="ON"/></pterm><pterm id="FB3_18_4"><signal id="A7_SPECSIG"/><signal id="A6_SPECSIG"/><signal id="A5_SPECSIG"/><signal id="A4_SPECSIG"/><signal id="A3_SPECSIG"/><signal id="A2_SPECSIG"/><signal id="A1_SPECSIG"/><signal id="A0_SPECSIG"/><signal id="RnW"/><signal id="XLXN_61LFBK_SPECSIG" negated="ON"/></pterm><equation id="ADR17" regUse="T" userloc="P41"><d2><eq_pterm ptindx="FB3_1_1"/><eq_pterm ptindx="FB3_1_2"/></d2><clk><eq_pterm ptindx="FB3_1_3"/></clk><reset><fastsig signal="nRST"/></reset><prld ptindx="GND"/></equation><equation id="ADR10_SPECSIG" regUse="D" userloc="P32"><d2><eq_pterm ptindx="FB3_2_1"/><eq_pterm ptindx="FB3_2_2"/></d2><clk><eq_pterm ptindx="FB3_2_3"/></clk><reset><fastsig signal="nRST"/></reset><prld ptindx="GND"/></equation><equation id="ADR19" regUse="T" userloc="P49"><d2><eq_pterm ptindx="FB3_3_1"/><eq_pterm ptindx="FB3_3_2"/></d2><clk><eq_pterm ptindx="FB3_3_3"/></clk><reset><fastsig signal="nRST"/></reset><prld ptindx="GND"/></equation><equation id="nRWE" userloc="P50"><d2><eq_pterm ptindx="FB3_4_1"/></d2></equation><equation id="ADR12_SPECSIG" regUse="D" userloc="P35"><d2><eq_pterm ptindx="FB3_5_1"/><eq_pterm ptindx="FB3_5_2"/></d2><clk><eq_pterm ptindx="FB3_5_3"/></clk><reset><fastsig signal="nRST"/></reset><prld ptindx="GND"/></equation><equation id="XLXN_61" regUse="D"><d2><eq_pterm ptindx="FB3_7_1"/></d2><clk><fastsig signal="MHz1"/></clk><set><eq_pterm ptindx="FB3_7_2"/></set><prld ptindx="GND"/></equation><equation id="ADR14_SPECSIG" regUse="D" userloc="P37"><d2><eq_pterm ptindx="FB3_8_1"/><eq_pterm ptindx="FB3_8_2"/></d2><clk><eq_pterm ptindx="FB3_8_3"/></clk><reset><fastsig signal="nRST"/></reset><prld ptindx="GND"/></equation><equation id="ADR18" regUse="T" userloc="P42"><d2><eq_pterm ptindx="FB3_9_1"/><eq_pterm ptindx="FB3_9_2"/></d2><clk><eq_pterm ptindx="FB3_9_3"/></clk><reset><fastsig signal="nRST"/></reset><prld ptindx="GND"/></equation><equation id="XLXN_116" regUse="T"><d2><eq_pterm ptindx="FB3_10_1"/><eq_pterm ptindx="FB3_10_2"/></d2><clk><eq_pterm ptindx="FB3_10_3"/></clk><reset><fastsig signal="nRST"/></reset><prld ptindx="GND"/></equation><equation id="nRCE" regUse="D" userloc="P52"><d2><eq_pterm ptindx="FB3_11_1"/></d2><clk><fastsig signal="MHz1"/></clk><set><eq_pterm ptindx="FB3_11_2"/></set><prld ptindx="GND"/></equation><equation id="nDREQ" regUse="T" userloc="P61"><d2><eq_pterm ptindx="FB3_12_1"/><eq_pterm ptindx="FB3_12_2"/></d2><clk><eq_pterm ptindx="FB3_12_3"/></clk><set><fastsig signal="nRST"/></set><prld ptindx="VCC"/></equation><equation id="D7_MLTSRCEDGEWA0_SPECSIG" regUse="D"><d2><eq_pterm ptindx="GND"/></d2><clk><eq_pterm ptindx="GND"/></clk><set><eq_pterm ptindx="FB3_13_2"/></set><reset><eq_pterm ptindx="FB3_13_1"/></reset><oe><eq_pterm ptindx="FB3_13_3"/></oe><prld ptindx="GND"/></equation><equation id="D6_MLTSRCEDGEWA2_SPECSIG" regUse="D"><d2><eq_pterm ptindx="FB3_14_1"/><eq_pterm ptindx="FB3_14_2"/></d2><clk><eq_pterm ptindx="FB3_14_3"/></clk><reset><fastsig signal="nRST"/></reset><oe><eq_pterm ptindx="FB3_14_4"/></oe><prld ptindx="GND"/></equation><equation id="D5_MLTSRCEDGEWA1_SPECSIG" regUse="D"><d2><eq_pterm ptindx="FB3_15_1"/><eq_pterm ptindx="FB3_15_2"/></d2><clk><eq_pterm ptindx="FB3_15_3"/></clk><reset><fastsig signal="nRST"/></reset><oe><eq_pterm ptindx="FB3_15_4"/></oe><prld ptindx="GND"/></equation><equation id="D4_MLTSRCEDGEWA1_SPECSIG" regUse="D"><d2><eq_pterm ptindx="FB3_16_1"/><eq_pterm ptindx="FB3_16_2"/></d2><clk><eq_pterm ptindx="FB3_16_3"/></clk><reset><fastsig signal="nRST"/></reset><oe><eq_pterm ptindx="FB3_16_4"/></oe><prld ptindx="GND"/></equation><equation id="D3_MLTSRCEDGEWA1_SPECSIG" regUse="D"><d2><eq_pterm ptindx="FB3_17_1"/><eq_pterm ptindx="FB3_17_2"/></d2><clk><eq_pterm ptindx="FB3_17_3"/></clk><reset><fastsig signal="nRST"/></reset><oe><eq_pterm ptindx="FB3_17_4"/></oe><prld ptindx="GND"/></equation><equation id="D2_MLTSRCEDGEWA1_SPECSIG" regUse="D"><d2><eq_pterm ptindx="FB3_18_1"/><eq_pterm ptindx="FB3_18_2"/></d2><clk><eq_pterm ptindx="FB3_18_3"/></clk><reset><fastsig signal="nRST"/></reset><oe><eq_pterm ptindx="FB3_18_4"/></oe><prld ptindx="GND"/></equation></fblock><fblock id="FB4" inputUse="36" pinUse="16"><macrocell id="FB4_MC1" pin="FB4_MC1_PIN66" pwr="LOW" sigUse="11" signal="D7_MLTSRCEDGEWA1_SPECSIG"><pterms pt1="FB4_1_1" pt2="FB4_1_2"/></macrocell><macrocell id="FB4_MC2" pin="FB4_MC2_PIN64" pwr="LOW" sigUse="11" signal="D7_MLTSRCEDGED&lt;7&gt;_MLTSRCEDGE_TRST_SPECSIG"><pterms pt1="FB4_2_1" pt2="FB4_2_2"/></macrocell><macrocell id="FB4_MC3" pin="FB4_MC3_PIN71" pwr="LOW" sigUse="11" signal="D6_MLTSRCEDGEWA1_SPECSIG"><pterms pt1="FB4_3_1" pt2="FB4_3_2"/></macrocell><macrocell id="FB4_MC4" pin="FB4_MC4_PIN72" pwr="LOW" sigUse="11" signal="D0_MLTSRCEDGEWA2_SPECSIG"><pterms pt1="FB4_4_1" pt2="FB4_4_2"/></macrocell><macrocell id="FB4_MC5" pin="FB4_MC5_PIN67" pwr="LOW" sigUse="10" signal="nRD"><pterms pt1="FB4_5_1"/></macrocell><macrocell id="FB4_MC6" pin="FB4_MC6_PIN76" pwr="LOW" sigUse="11" signal="D0_MLTSRCEDGEWA1_SPECSIG"><pterms pt1="FB4_6_1" pt2="FB4_6_2"/></macrocell><macrocell id="FB4_MC7" pin="FB4_MC7_PIN77" pwr="LOW" sigUse="13" signal="XLXN_201"><pterms pt1="FB4_7_1" pt2="FB4_7_2" pt3="FB4_7_3" pt4="FB4_7_4"/></macrocell><macrocell id="FB4_MC8" pin="FB4_MC8_PIN68" pwr="LOW" sigUse="10" signal="WR"><pterms pt1="FB4_8_1"/></macrocell><macrocell id="FB4_MC9" pin="FB4_MC9_PIN70" pwr="LOW" sigUse="13" signal="D7_MLTSRCEDGEWA2_SPECSIG"><pterms pt1="FB4_9_1" pt2="FB4_9_2" pt3="FB4_9_3" pt4="FB4_9_4"/></macrocell><macrocell id="FB4_MC10" pin="FB4_MC10_PIN81" pwr="LOW" sigUse="4" signal="D2_SPECSIG"><pterms pt1="FB4_10_1" pt2="FB4_10_2"/></macrocell><macrocell id="FB4_MC11" pin="FB4_MC11_PIN74" pwr="LOW" sigUse="2" signal="nIRQ"><pterms pt1="FB4_11_1"/></macrocell><macrocell id="FB4_MC12" pin="FB4_MC12_PIN82" pwr="LOW" sigUse="4" signal="D3_SPECSIG"><pterms pt1="FB4_12_1" pt2="FB4_12_2"/></macrocell><macrocell id="FB4_MC13" pin="FB4_MC13_PIN85" pwr="LOW" sigUse="4" signal="D4_SPECSIG"><pterms pt1="FB4_13_1" pt2="FB4_13_2"/></macrocell><macrocell id="FB4_MC14" pin="FB4_MC14_PIN78" pwr="LOW" sigUse="5" signal="D0_SPECSIG"><pterms pt1="FB4_14_1" pt2="FB4_14_2"/></macrocell><macrocell id="FB4_MC15" pin="FB4_MC15_PIN89" pwr="LOW" sigUse="4" signal="D7_SPECSIG"><pterms pt1="FB4_15_1" pt2="FB4_15_2"/></macrocell><macrocell id="FB4_MC16" pin="FB4_MC16_PIN86" pwr="LOW" sigUse="4" signal="D5_SPECSIG"><pterms pt1="FB4_16_1" pt2="FB4_16_2"/></macrocell><macrocell id="FB4_MC17" pin="FB4_MC17_PIN90" pwr="LOW" sigUse="10" signal="D6_MLTSRCEDGEWA0_SPECSIG"><pterms pt1="FB4_17_1" pt2="FB4_17_2" pt3="FB4_17_3"/></macrocell><macrocell id="FB4_MC18" pin="FB4_MC18_PIN79" pwr="LOW" sigUse="4" signal="D1_SPECSIG"><pterms pt1="FB4_18_1" pt2="FB4_18_2"/></macrocell><fbinput id="FB4_I1" signal="OpTxFX_DC37_SPECSIG"/><fbinput id="FB4_I2" signal="OpTxFX_DC48_SPECSIG"/><fbinput fbk="PIN" id="FB4_I3" signal="ADR15PIN_SPECSIG"/><fbinput id="FB4_I4" signal="A0_SPECSIG"/><fbinput id="FB4_I5" signal="A1_SPECSIG"/><fbinput id="FB4_I6" signal="A2_SPECSIG"/><fbinput id="FB4_I7" signal="A3_SPECSIG"/><fbinput id="FB4_I8" signal="A4_SPECSIG"/><fbinput id="FB4_I9" signal="A5_SPECSIG"/><fbinput id="FB4_I10" signal="A6_SPECSIG"/><fbinput id="FB4_I11" signal="A7_SPECSIG"/><fbinput id="FB4_I12" signal="D0_MLTSRCEDGED&lt;0&gt;_MLTSRCEDGE_TRST_SPECSIG"/><fbinput id="FB4_I13" signal="D0_MLTSRCEDGEWA0_SPECSIG"/><fbinput id="FB4_I14" signal="D0_MLTSRCEDGEWA1_SPECSIG"/><fbinput id="FB4_I15" signal="D0_MLTSRCEDGEWA2_SPECSIG"/><fbinput id="FB4_I16" signal="D0_MLTSRCEDGEWA3_SPECSIG"/><fbinput id="FB4_I17" signal="D1_MLTSRCEDGE_SPECSIG"/><fbinput id="FB4_I18" signal="D1_MLTSRCEDGEWA0_SPECSIG"/><fbinput id="FB4_I19" signal="D1_MLTSRCEDGEWA1_SPECSIG"/><fbinput id="FB4_I20" signal="D2_MLTSRCEDGE_SPECSIG"/><fbinput id="FB4_I21" signal="D2_MLTSRCEDGEWA0_SPECSIG"/><fbinput id="FB4_I22" signal="D2_MLTSRCEDGEWA1_SPECSIG"/><fbinput id="FB4_I23" signal="D3_MLTSRCEDGE_SPECSIG"/><fbinput id="FB4_I24" signal="D3_MLTSRCEDGEWA0_SPECSIG"/><fbinput id="FB4_I25" signal="D3_MLTSRCEDGEWA1_SPECSIG"/><fbinput id="FB4_I26" signal="D4_MLTSRCEDGE_SPECSIG"/><fbinput id="FB4_I27" signal="D4_MLTSRCEDGEWA0_SPECSIG"/><fbinput id="FB4_I28" signal="D4_MLTSRCEDGEWA1_SPECSIG"/><fbinput id="FB4_I29" signal="D5_MLTSRCEDGE_SPECSIG"/><fbinput id="FB4_I30" signal="D5_MLTSRCEDGEBUF0D&lt;5&gt;_MLTSRCEDGEBUF0_TRST_SPECSIG"/><fbinput id="FB4_I31" signal="D5_MLTSRCEDGEWA0_SPECSIG"/><fbinput id="FB4_I32" signal="D5_MLTSRCEDGEWA1_SPECSIG"/><fbinput fbk="LFBK" id="FB4_I33" signal="D7_MLTSRCEDGED&lt;7&gt;_MLTSRCEDGE_TRSTLFBK_SPECSIG"/><fbinput id="FB4_I34" signal="D7_MLTSRCEDGEWA0_SPECSIG"/><fbinput id="FB4_I35" signal="D7_MLTSRCEDGEWA1_SPECSIG"/><fbinput id="FB4_I36" signal="D7_MLTSRCEDGEWA2_SPECSIG"/><fbinput fbk="PIN" id="FB4_I37" signal="SDAPIN_SPECSIG"/><fbinput fbk="PIN" id="FB4_I38" signal="D7PIN_SPECSIG"/><fbinput fbk="PIN" id="FB4_I39" signal="IDEH6PIN_SPECSIG"/><fbinput id="FB4_I40" signal="RnW"/><fbinput fbk="LFBK" id="FB4_I41" signal="XLXN_201LFBK_SPECSIG"/><fbinput id="FB4_I42" signal="XLXN_201XLXN_201_RSTF_SPECSIG"/><fbinput id="FB4_I43" signal="XLXN_61"/><fbinput id="FB4_I44" signal="nDACK"/><fbinput id="FB4_I45" signal="nRXF"/><fbinput id="FB4_I46" signal="nTXE"/><pterm id="FB4_1_1"><signal id="nRXF"/></pterm><pterm id="FB4_1_2"><signal id="A7_SPECSIG"/><signal id="A6_SPECSIG"/><signal id="A5_SPECSIG"/><signal id="A4_SPECSIG"/><signal id="A3_SPECSIG"/><signal id="A2_SPECSIG" negated="ON"/><signal id="A1_SPECSIG" negated="ON"/><signal id="A0_SPECSIG"/><signal id="XLXN_61" negated="ON"/><signal id="RnW"/></pterm><pterm id="FB4_2_1"><signal id="D5_MLTSRCEDGEBUF0D&lt;5&gt;_MLTSRCEDGEBUF0_TRST_SPECSIG"/></pterm><pterm id="FB4_2_2"><signal id="A7_SPECSIG"/><signal id="A6_SPECSIG"/><signal id="A5_SPECSIG"/><signal id="A4_SPECSIG"/><signal id="A3_SPECSIG"/><signal id="A2_SPECSIG" negated="ON"/><signal id="A1_SPECSIG" negated="ON"/><signal id="A0_SPECSIG"/><signal id="XLXN_61" negated="ON"/><signal id="RnW"/></pterm><pterm id="FB4_3_1"><signal id="nTXE"/></pterm><pterm id="FB4_3_2"><signal id="A7_SPECSIG"/><signal id="A6_SPECSIG"/><signal id="A5_SPECSIG"/><signal id="A4_SPECSIG"/><signal id="A3_SPECSIG"/><signal id="A2_SPECSIG" negated="ON"/><signal id="A1_SPECSIG" negated="ON"/><signal id="A0_SPECSIG"/><signal id="XLXN_61" negated="ON"/><signal id="RnW"/></pterm><pterm id="FB4_4_1"><signal id="nDACK"/></pterm><pterm id="FB4_4_2"><signal id="A7_SPECSIG"/><signal id="A6_SPECSIG"/><signal id="A5_SPECSIG"/><signal id="A4_SPECSIG"/><signal id="A3_SPECSIG"/><signal id="A2_SPECSIG" negated="ON"/><signal id="A1_SPECSIG" negated="ON"/><signal id="A0_SPECSIG"/><signal id="XLXN_61" negated="ON"/><signal id="RnW"/></pterm><pterm id="FB4_5_1"><signal id="A7_SPECSIG"/><signal id="A6_SPECSIG"/><signal id="A5_SPECSIG"/><signal id="A4_SPECSIG"/><signal id="A3_SPECSIG"/><signal id="A2_SPECSIG" negated="ON"/><signal id="A1_SPECSIG" negated="ON"/><signal id="A0_SPECSIG" negated="ON"/><signal id="XLXN_61" negated="ON"/><signal id="RnW"/></pterm><pterm id="FB4_6_1"><signal id="SDAPIN_SPECSIG"/></pterm><pterm id="FB4_6_2"><signal id="A7_SPECSIG"/><signal id="A6_SPECSIG"/><signal id="A5_SPECSIG"/><signal id="A4_SPECSIG"/><signal id="A3_SPECSIG"/><signal id="A2_SPECSIG" negated="ON"/><signal id="A1_SPECSIG"/><signal id="A0_SPECSIG" negated="ON"/><signal id="XLXN_61" negated="ON"/><signal id="RnW"/></pterm><pterm id="FB4_7_1"><signal id="A7_SPECSIG"/><signal id="A6_SPECSIG"/><signal id="A5_SPECSIG"/><signal id="A4_SPECSIG"/><signal id="A3_SPECSIG"/><signal id="A2_SPECSIG" negated="ON"/><signal id="A1_SPECSIG" negated="ON"/><signal id="A0_SPECSIG"/><signal id="RnW" negated="ON"/><signal id="D7PIN_SPECSIG"/><signal id="XLXN_201LFBK_SPECSIG" negated="ON"/></pterm><pterm id="FB4_7_2"><signal id="A7_SPECSIG"/><signal id="A6_SPECSIG"/><signal id="A5_SPECSIG"/><signal id="A4_SPECSIG"/><signal id="A3_SPECSIG"/><signal id="A2_SPECSIG" negated="ON"/><signal id="A1_SPECSIG" negated="ON"/><signal id="A0_SPECSIG"/><signal id="RnW" negated="ON"/><signal id="D7PIN_SPECSIG" negated="ON"/><signal id="XLXN_201LFBK_SPECSIG"/></pterm><pterm id="FB4_7_3"><signal id="XLXN_201XLXN_201_RSTF_SPECSIG"/></pterm><pterm id="FB4_7_4"><signal id="XLXN_61" negated="ON"/></pterm><pterm id="FB4_8_1"><signal id="A7_SPECSIG"/><signal id="A6_SPECSIG"/><signal id="A5_SPECSIG"/><signal id="A4_SPECSIG"/><signal id="A3_SPECSIG"/><signal id="A2_SPECSIG" negated="ON"/><signal id="A1_SPECSIG" negated="ON"/><signal id="A0_SPECSIG" negated="ON"/><signal id="XLXN_61" negated="ON"/><signal id="RnW" negated="ON"/></pterm><pterm id="FB4_9_1"><signal id="D7PIN_SPECSIG"/><signal id="OpTxFX_DC48_SPECSIG"/></pterm><pterm id="FB4_9_2"><signal id="OpTxFX_DC48_SPECSIG" negated="ON"/><signal id="ADR15PIN_SPECSIG"/></pterm><pterm id="FB4_9_3"><signal id="XLXN_61" negated="ON"/></pterm><pterm id="FB4_9_4"><signal id="A7_SPECSIG"/><signal id="A6_SPECSIG"/><signal id="A5_SPECSIG"/><signal id="A4_SPECSIG"/><signal id="A3_SPECSIG"/><signal id="A2_SPECSIG"/><signal id="A1_SPECSIG"/><signal id="A0_SPECSIG"/><signal id="XLXN_61" negated="ON"/><signal id="RnW"/></pterm><pterm id="FB4_10_1"><signal id="D2_MLTSRCEDGE_SPECSIG"/></pterm><pterm id="FB4_10_2"><signal id="D5_MLTSRCEDGEBUF0D&lt;5&gt;_MLTSRCEDGEBUF0_TRST_SPECSIG"/></pterm><pterm id="FB4_11_1"><signal id="nRXF" negated="ON"/><signal id="XLXN_201LFBK_SPECSIG"/></pterm><pterm id="FB4_12_1"><signal id="D3_MLTSRCEDGE_SPECSIG"/></pterm><pterm id="FB4_12_2"><signal id="D5_MLTSRCEDGEBUF0D&lt;5&gt;_MLTSRCEDGEBUF0_TRST_SPECSIG"/></pterm><pterm id="FB4_13_1"><signal id="D4_MLTSRCEDGE_SPECSIG"/></pterm><pterm id="FB4_13_2"><signal id="D5_MLTSRCEDGEBUF0D&lt;5&gt;_MLTSRCEDGEBUF0_TRST_SPECSIG"/></pterm><pterm id="FB4_14_1"><signal id="D0_MLTSRCEDGEWA3_SPECSIG"/><signal id="D0_MLTSRCEDGEWA0_SPECSIG"/><signal id="D0_MLTSRCEDGEWA1_SPECSIG"/><signal id="D0_MLTSRCEDGEWA2_SPECSIG"/></pterm><pterm id="FB4_14_2"><signal id="D0_MLTSRCEDGED&lt;0&gt;_MLTSRCEDGE_TRST_SPECSIG"/></pterm><pterm id="FB4_15_1"><signal id="D7_MLTSRCEDGEWA2_SPECSIG"/><signal id="D7_MLTSRCEDGEWA0_SPECSIG"/><signal id="D7_MLTSRCEDGEWA1_SPECSIG"/></pterm><pterm id="FB4_15_2"><signal id="D7_MLTSRCEDGED&lt;7&gt;_MLTSRCEDGE_TRSTLFBK_SPECSIG"/></pterm><pterm id="FB4_16_1"><signal id="D5_MLTSRCEDGE_SPECSIG"/></pterm><pterm id="FB4_16_2"><signal id="D5_MLTSRCEDGEBUF0D&lt;5&gt;_MLTSRCEDGEBUF0_TRST_SPECSIG"/></pterm><pterm id="FB4_17_1"><signal id="A7_SPECSIG" negated="ON"/><signal id="A6_SPECSIG"/><signal id="A5_SPECSIG" negated="ON"/><signal id="A4_SPECSIG" negated="ON"/><signal id="XLXN_61" negated="ON"/><signal id="RnW"/><signal id="IDEH6PIN_SPECSIG" negated="ON"/><signal id="OpTxFX_DC37_SPECSIG" negated="ON"/></pterm><pterm id="FB4_17_2"><signal id="A7_SPECSIG" negated="ON"/><signal id="A6_SPECSIG"/><signal id="A5_SPECSIG" negated="ON"/><signal id="A4_SPECSIG" negated="ON"/><signal id="XLXN_61" negated="ON"/><signal id="RnW"/><signal id="IDEH6PIN_SPECSIG"/><signal id="OpTxFX_DC37_SPECSIG" negated="ON"/></pterm><pterm id="FB4_17_3"><signal id="A7_SPECSIG" negated="ON"/><signal id="A6_SPECSIG"/><signal id="A5_SPECSIG" negated="ON"/><signal id="A4_SPECSIG" negated="ON"/><signal id="A3_SPECSIG"/><signal id="A2_SPECSIG" negated="ON"/><signal id="XLXN_61" negated="ON"/><signal id="RnW"/></pterm><pterm id="FB4_18_1"><signal id="D1_MLTSRCEDGE_SPECSIG"/></pterm><pterm id="FB4_18_2"><signal id="D5_MLTSRCEDGEBUF0D&lt;5&gt;_MLTSRCEDGEBUF0_TRST_SPECSIG"/></pterm><equation id="D7_MLTSRCEDGEWA1_SPECSIG"><d2><eq_pterm ptindx="FB4_1_1"/></d2><oe><eq_pterm ptindx="FB4_1_2"/></oe></equation><equation id="D7_MLTSRCEDGED&lt;7&gt;_MLTSRCEDGE_TRST_SPECSIG"><d2><eq_pterm ptindx="FB4_2_1"/><eq_pterm ptindx="FB4_2_2"/></d2></equation><equation id="D6_MLTSRCEDGEWA1_SPECSIG"><d2><eq_pterm ptindx="FB4_3_1"/></d2><oe><eq_pterm ptindx="FB4_3_2"/></oe></equation><equation id="D0_MLTSRCEDGEWA2_SPECSIG"><d2><eq_pterm ptindx="FB4_4_1"/></d2><oe><eq_pterm ptindx="FB4_4_2"/></oe></equation><equation id="nRD" negated="ON" userloc="P67"><d2><eq_pterm ptindx="FB4_5_1"/></d2></equation><equation id="D0_MLTSRCEDGEWA1_SPECSIG"><d2><eq_pterm ptindx="FB4_6_1"/></d2><oe><eq_pterm ptindx="FB4_6_2"/></oe></equation><equation id="XLXN_201" regUse="T"><d2><eq_pterm ptindx="FB4_7_1"/><eq_pterm ptindx="FB4_7_2"/></d2><clk><eq_pterm ptindx="FB4_7_4"/></clk><reset><eq_pterm ptindx="FB4_7_3"/></reset><prld ptindx="GND"/></equation><equation id="WR" userloc="P68"><d2><eq_pterm ptindx="FB4_8_1"/></d2></equation><equation id="D7_MLTSRCEDGEWA2_SPECSIG" regUse="D"><d2><eq_pterm ptindx="FB4_9_1"/><eq_pterm ptindx="FB4_9_2"/></d2><clk><eq_pterm ptindx="FB4_9_3"/></clk><reset><fastsig signal="nRST"/></reset><oe><eq_pterm ptindx="FB4_9_4"/></oe><prld ptindx="GND"/></equation><equation id="D2_SPECSIG" userloc="P81"><d2><eq_pterm ptindx="FB4_10_1"/></d2><oe><eq_pterm ptindx="FB4_10_2"/></oe></equation><equation id="nIRQ" userloc="P74"><d2><eq_pterm ptindx="GND"/></d2><oe><eq_pterm ptindx="FB4_11_1"/></oe></equation><equation id="D3_SPECSIG" userloc="P82"><d2><eq_pterm ptindx="FB4_12_1"/></d2><oe><eq_pterm ptindx="FB4_12_2"/></oe></equation><equation id="D4_SPECSIG" userloc="P85"><d2><eq_pterm ptindx="FB4_13_1"/></d2><oe><eq_pterm ptindx="FB4_13_2"/></oe></equation><equation id="D0_SPECSIG" userloc="P78"><d2><eq_pterm ptindx="FB4_14_1"/></d2><oe><eq_pterm ptindx="FB4_14_2"/></oe></equation><equation id="D7_SPECSIG" userloc="P89"><d2><eq_pterm ptindx="FB4_15_1"/></d2><oe><eq_pterm ptindx="FB4_15_2"/></oe></equation><equation id="D5_SPECSIG" userloc="P86"><d2><eq_pterm ptindx="FB4_16_1"/></d2><oe><eq_pterm ptindx="FB4_16_2"/></oe></equation><equation id="D6_MLTSRCEDGEWA0_SPECSIG" regUse="D"><d2><eq_pterm ptindx="GND"/></d2><clk><eq_pterm ptindx="GND"/></clk><set><eq_pterm ptindx="FB4_17_2"/></set><reset><eq_pterm ptindx="FB4_17_1"/></reset><oe><eq_pterm ptindx="FB4_17_3"/></oe><prld ptindx="GND"/></equation><equation id="D1_SPECSIG" userloc="P79"><d2><eq_pterm ptindx="FB4_18_1"/></d2><oe><eq_pterm ptindx="FB4_18_2"/></oe></equation></fblock><uim id="D1_MLTSRCEDGE_SPECSIG"><pterm id="D1_MLTSRCEDGE_1_SPECSIG"><signal id="D1_MLTSRCEDGEWA1_SPECSIG"/><signal id="D1_MLTSRCEDGEWA0_SPECSIG"/></pterm></uim><uim id="D2_MLTSRCEDGE_SPECSIG"><pterm id="D2_MLTSRCEDGE_2_SPECSIG"><signal id="D2_MLTSRCEDGEWA1_SPECSIG"/><signal id="D2_MLTSRCEDGEWA0_SPECSIG"/></pterm></uim><uim id="D3_MLTSRCEDGE_SPECSIG"><pterm id="D3_MLTSRCEDGE_3_SPECSIG"><signal id="D3_MLTSRCEDGEWA1_SPECSIG"/><signal id="D3_MLTSRCEDGEWA0_SPECSIG"/></pterm></uim><uim id="D4_MLTSRCEDGE_SPECSIG"><pterm id="D4_MLTSRCEDGE_4_SPECSIG"><signal id="D4_MLTSRCEDGEWA1_SPECSIG"/><signal id="D4_MLTSRCEDGEWA0_SPECSIG"/></pterm></uim><uim id="D5_MLTSRCEDGE_SPECSIG"><pterm id="D5_MLTSRCEDGE_5_SPECSIG"><signal id="D5_MLTSRCEDGEWA1_SPECSIG"/><signal id="D5_MLTSRCEDGEWA0_SPECSIG"/></pterm></uim><vcc/><gnd/><messages><warning>INFO:Cpld - Inferring BUFG constraint for signal 'MHz1' based upon the LOC   constraint 'P22'. It is recommended that you declare this BUFG explicitedly   in your design. Note that for certain device families the output of a BUFG   constraint can not drive a gated clock, and the BUFG constraint will be   ignored.</warning></messages><compOpts exhaust="OFF" gclkopt="ON" gsropt="ON" gtsopt="ON" ignorets="OFF" inputs="36" keepio="OFF" loc="ON" localfbk="ON" mlopt="ON" optimize="DENSITY" part="xc9572-7-TQ100" pinfbk="ON" power="LOW" prld="LOW" pterms="25" slew="FAST" uim="ON" unused="OFF" wysiwyg="OFF"/><specSig signal="D0PIN_SPECSIG" value="D&lt;0&gt;.PIN"/><specSig signal="A2_SPECSIG" value="A&lt;2&gt;"/><specSig signal="A0_SPECSIG" value="A&lt;0&gt;"/><specSig signal="A1_SPECSIG" value="A&lt;1&gt;"/><specSig signal="A3_SPECSIG" value="A&lt;3&gt;"/><specSig signal="A4_SPECSIG" value="A&lt;4&gt;"/><specSig signal="A5_SPECSIG" value="A&lt;5&gt;"/><specSig signal="A6_SPECSIG" value="A&lt;6&gt;"/><specSig signal="A7_SPECSIG" value="A&lt;7&gt;"/><specSig signal="D1PIN_SPECSIG" value="D&lt;1&gt;.PIN"/><specSig signal="D2PIN_SPECSIG" value="D&lt;2&gt;.PIN"/><specSig signal="D3PIN_SPECSIG" value="D&lt;3&gt;.PIN"/><specSig signal="D4PIN_SPECSIG" value="D&lt;4&gt;.PIN"/><specSig signal="D5PIN_SPECSIG" value="D&lt;5&gt;.PIN"/><specSig signal="D6PIN_SPECSIG" value="D&lt;6&gt;.PIN"/><specSig signal="D7PIN_SPECSIG" value="D&lt;7&gt;.PIN"/><specSig signal="IDEH0PIN_SPECSIG" value="IDEH&lt;0&gt;.PIN"/><specSig signal="IDEH6PIN_SPECSIG" value="IDEH&lt;6&gt;.PIN"/><specSig signal="IDEH7PIN_SPECSIG" value="IDEH&lt;7&gt;.PIN"/><specSig signal="IDEH1PIN_SPECSIG" value="IDEH&lt;1&gt;.PIN"/><specSig signal="IDEH2PIN_SPECSIG" value="IDEH&lt;2&gt;.PIN"/><specSig signal="IDEH3PIN_SPECSIG" value="IDEH&lt;3&gt;.PIN"/><specSig signal="IDEH4PIN_SPECSIG" value="IDEH&lt;4&gt;.PIN"/><specSig signal="IDEH5PIN_SPECSIG" value="IDEH&lt;5&gt;.PIN"/><specSig signal="SDAPIN_SPECSIG" value="SDA.PIN"/><specSig signal="ADR11PIN_SPECSIG" value="ADR&lt;11&gt;.PIN"/><specSig signal="ADR13PIN_SPECSIG" value="ADR&lt;13&gt;.PIN"/><specSig signal="ADR15PIN_SPECSIG" value="ADR&lt;15&gt;.PIN"/><specSig signal="ADR9PIN_SPECSIG" value="ADR&lt;9&gt;.PIN"/><specSig signal="IO_SPECSIG" value="I/O"/><specSig signal="IDEH7_SPECSIG" value="IDEH&lt;7&gt;"/><specSig signal="GCKI_SPECSIG" value="GCK/I"/><specSig signal="b_SPECSIG" value="(b)"/><specSig signal="D4_MLTSRCEDGEWA0_SPECSIG" value="D&lt;4&gt;_MLTSRCEDGE\$WA0"/><specSig signal="ADR11_SPECSIG" value="ADR&lt;11&gt;"/><specSig signal="ADR13_SPECSIG" value="ADR&lt;13&gt;"/><specSig signal="D0_MLTSRCEDGEWA3_SPECSIG" value="D&lt;0&gt;_MLTSRCEDGE\$WA3"/><specSig signal="ADR8_SPECSIG" value="ADR&lt;8&gt;"/><specSig signal="ADR15_SPECSIG" value="ADR&lt;15&gt;"/><specSig signal="ADR9_SPECSIG" value="ADR&lt;9&gt;"/><specSig signal="D6_SPECSIG" value="D&lt;6&gt;"/><specSig signal="D3_MLTSRCEDGEWA0_SPECSIG" value="D&lt;3&gt;_MLTSRCEDGE\$WA0"/><specSig signal="GSRI_SPECSIG" value="GSR/I"/><specSig signal="IDEH0_SPECSIG" value="IDEH&lt;0&gt;"/><specSig signal="D1_MLTSRCEDGEWA0_SPECSIG" value="D&lt;1&gt;_MLTSRCEDGE\$WA0"/><specSig signal="IDEH1_SPECSIG" value="IDEH&lt;1&gt;"/><specSig signal="IDEH2_SPECSIG" value="IDEH&lt;2&gt;"/><specSig signal="IDEH3_SPECSIG" value="IDEH&lt;3&gt;"/><specSig signal="IDEH5_SPECSIG" value="IDEH&lt;5&gt;"/><specSig signal="IDEH4_SPECSIG" value="IDEH&lt;4&gt;"/><specSig signal="IDEH6_SPECSIG" value="IDEH&lt;6&gt;"/><specSig signal="ADR10_SPECSIG" value="ADR&lt;10&gt;"/><specSig signal="ADR12_SPECSIG" value="ADR&lt;12&gt;"/><specSig signal="ADR14_SPECSIG" value="ADR&lt;14&gt;"/><specSig signal="D6_MLTSRCEDGEWA2_SPECSIG" value="D&lt;6&gt;_MLTSRCEDGE\$WA2"/><specSig signal="D5_MLTSRCEDGEWA1_SPECSIG" value="D&lt;5&gt;_MLTSRCEDGE\$WA1"/><specSig signal="D4_MLTSRCEDGEWA1_SPECSIG" value="D&lt;4&gt;_MLTSRCEDGE\$WA1"/><specSig signal="D3_MLTSRCEDGEWA1_SPECSIG" value="D&lt;3&gt;_MLTSRCEDGE\$WA1"/><specSig signal="D2_MLTSRCEDGEWA1_SPECSIG" value="D&lt;2&gt;_MLTSRCEDGE\$WA1"/><specSig signal="D0_MLTSRCEDGEWA2_SPECSIG" value="D&lt;0&gt;_MLTSRCEDGE\$WA2"/><specSig signal="D7_MLTSRCEDGEWA2_SPECSIG" value="D&lt;7&gt;_MLTSRCEDGE\$WA2"/><specSig signal="D2_SPECSIG" value="D&lt;2&gt;"/><specSig signal="D3_SPECSIG" value="D&lt;3&gt;"/><specSig signal="D4_SPECSIG" value="D&lt;4&gt;"/><specSig signal="D0_SPECSIG" value="D&lt;0&gt;"/><specSig signal="D7_SPECSIG" value="D&lt;7&gt;"/><specSig signal="D5_SPECSIG" value="D&lt;5&gt;"/><specSig signal="D1_SPECSIG" value="D&lt;1&gt;"/><specSig signal="D5_MLTSRCEDGEWA0_SPECSIG" value="D&lt;5&gt;_MLTSRCEDGE\$WA0"/><specSig signal="OpTxFX_DC37_SPECSIG" value="$OpTx$FX_DC$37"/><specSig signal="OpTxFX_DC48_SPECSIG" value="$OpTx$FX_DC$48"/><specSig signal="ADR16_OBUFLFBK_SPECSIG" value="ADR16_OBUF.LFBK"/><specSig signal="ADR_11_OBUFLFBK_SPECSIG" value="ADR_11_OBUF.LFBK"/><specSig signal="ADR_13_OBUFLFBK_SPECSIG" value="ADR_13_OBUF.LFBK"/><specSig signal="ADR_15_OBUFLFBK_SPECSIG" value="ADR_15_OBUF.LFBK"/><specSig signal="ADR_8_OBUFLFBK_SPECSIG" value="ADR_8_OBUF.LFBK"/><specSig signal="ADR_9_OBUFLFBK_SPECSIG" value="ADR_9_OBUF.LFBK"/><specSig signal="SCL_OBUFLFBK_SPECSIG" value="SCL_OBUF.LFBK"/><specSig signal="XLXN_112LFBK_SPECSIG" value="XLXN_112.LFBK"/><specSig signal="XLXN_647LFBK_SPECSIG" value="XLXN_64&lt;7&gt;.LFBK"/><specSig signal="XLXN_201XLXN_201_RSTF_SPECSIG" value="XLXN_201/XLXN_201_RSTF"/><specSig signal="D5_MLTSRCEDGEBUF0D&lt;5&gt;_MLTSRCEDGEBUF0_TRST_SPECSIG" value="D&lt;5&gt;_MLTSRCEDGE$BUF0/D&lt;5&gt;_MLTSRCEDGE$BUF0_TRST"/><specSig signal="D0_MLTSRCEDGED&lt;0&gt;_MLTSRCEDGE_TRST_SPECSIG" value="D&lt;0&gt;_MLTSRCEDGE/D&lt;0&gt;_MLTSRCEDGE_TRST"/><specSig signal="D2_MLTSRCEDGEWA0_SPECSIG" value="D&lt;2&gt;_MLTSRCEDGE\$WA0"/><specSig signal="D1_MLTSRCEDGEWA1_SPECSIG" value="D&lt;1&gt;_MLTSRCEDGE\$WA1"/><specSig signal="D0_MLTSRCEDGEWA0_SPECSIG" value="D&lt;0&gt;_MLTSRCEDGE\$WA0"/><specSig signal="OpTxFX_DC37LFBK_SPECSIG" value="$OpTx$FX_DC$37.LFBK"/><specSig signal="OpTxFX_DC48LFBK_SPECSIG" value="$OpTx$FX_DC$48.LFBK"/><specSig signal="D6_MLTSRCEDGEWA0_SPECSIG" value="D&lt;6&gt;_MLTSRCEDGE\$WA0"/><specSig signal="D6_MLTSRCEDGEWA1_SPECSIG" value="D&lt;6&gt;_MLTSRCEDGE\$WA1"/><specSig signal="D7_MLTSRCEDGED&lt;7&gt;_MLTSRCEDGE_TRST_SPECSIG" value="D&lt;7&gt;_MLTSRCEDGE/D&lt;7&gt;_MLTSRCEDGE_TRST"/><specSig signal="XLXN_640LFBK_SPECSIG" value="XLXN_64&lt;0&gt;.LFBK"/><specSig signal="XLXN_641LFBK_SPECSIG" value="XLXN_64&lt;1&gt;.LFBK"/><specSig signal="XLXN_642LFBK_SPECSIG" value="XLXN_64&lt;2&gt;.LFBK"/><specSig signal="XLXN_643LFBK_SPECSIG" value="XLXN_64&lt;3&gt;.LFBK"/><specSig signal="XLXN_644LFBK_SPECSIG" value="XLXN_64&lt;4&gt;.LFBK"/><specSig signal="XLXN_645LFBK_SPECSIG" value="XLXN_64&lt;5&gt;.LFBK"/><specSig signal="XLXN_646LFBK_SPECSIG" value="XLXN_64&lt;6&gt;.LFBK"/><specSig signal="D7_MLTSRCEDGEWA0_SPECSIG" value="D&lt;7&gt;_MLTSRCEDGE\$WA0"/><specSig signal="ADR17_OBUFLFBK_SPECSIG" value="ADR17_OBUF.LFBK"/><specSig signal="ADR18_OBUFLFBK_SPECSIG" value="ADR18_OBUF.LFBK"/><specSig signal="ADR19_OBUFLFBK_SPECSIG" value="ADR19_OBUF.LFBK"/><specSig signal="ADR_10_OBUFLFBK_SPECSIG" value="ADR_10_OBUF.LFBK"/><specSig signal="ADR_12_OBUFLFBK_SPECSIG" value="ADR_12_OBUF.LFBK"/><specSig signal="ADR_14_OBUFLFBK_SPECSIG" value="ADR_14_OBUF.LFBK"/><specSig signal="XLXN_116LFBK_SPECSIG" value="XLXN_116.LFBK"/><specSig signal="XLXN_61LFBK_SPECSIG" value="XLXN_61.LFBK"/><specSig signal="nDREQ_OBUFLFBK_SPECSIG" value="nDREQ_OBUF.LFBK"/><specSig signal="nRCE_OBUFLFBK_SPECSIG" value="nRCE_OBUF.LFBK"/><specSig signal="D7_MLTSRCEDGEWA1_SPECSIG" value="D&lt;7&gt;_MLTSRCEDGE\$WA1"/><specSig signal="D0_MLTSRCEDGEWA1_SPECSIG" value="D&lt;0&gt;_MLTSRCEDGE\$WA1"/><specSig signal="D1_MLTSRCEDGE_SPECSIG" value="D&lt;1&gt;_MLTSRCEDGE"/><specSig signal="D2_MLTSRCEDGE_SPECSIG" value="D&lt;2&gt;_MLTSRCEDGE"/><specSig signal="D3_MLTSRCEDGE_SPECSIG" value="D&lt;3&gt;_MLTSRCEDGE"/><specSig signal="D4_MLTSRCEDGE_SPECSIG" value="D&lt;4&gt;_MLTSRCEDGE"/><specSig signal="D5_MLTSRCEDGE_SPECSIG" value="D&lt;5&gt;_MLTSRCEDGE"/><specSig signal="D7_MLTSRCEDGED&lt;7&gt;_MLTSRCEDGE_TRSTLFBK_SPECSIG" value="D&lt;7&gt;_MLTSRCEDGE/D&lt;7&gt;_MLTSRCEDGE_TRST.LFBK"/><specSig signal="XLXN_201LFBK_SPECSIG" value="XLXN_201.LFBK"/><specSig signal="D1_MLTSRCEDGE_1_SPECSIG" value="D&lt;1&gt;_MLTSRCEDGE_1"/><specSig signal="D2_MLTSRCEDGE_2_SPECSIG" value="D&lt;2&gt;_MLTSRCEDGE_2"/><specSig signal="D3_MLTSRCEDGE_3_SPECSIG" value="D&lt;3&gt;_MLTSRCEDGE_3"/><specSig signal="D4_MLTSRCEDGE_4_SPECSIG" value="D&lt;4&gt;_MLTSRCEDGE_4"/><specSig signal="D5_MLTSRCEDGE_5_SPECSIG" value="D&lt;5&gt;_MLTSRCEDGE_5"/></document>
